school_year,county_name,district_name,district_type,total_funded_ada,upc_percentage,lcff_per_ada,supp_conc_per_ada,spending_per_ada,ela_current_distance_from_standard,math_current_distance_from_standard,graduation_rate,dropout_rate,priority_reason
2024_25,Shasta,Oak Run Elementary,Elementary,38.16,96.15384615384616,20075.75995807128,4360.167714884696,80088.66666666667,-195.1,-217.9,NA,NA,Low ELA and low math
2024_25,Tehama,Gerber Union Elementary,Elementary,381.83,87.34177215189874,15383.435036534584,4097.661262865673,21380.044558925067,-107,-139.2,NA,NA,Low ELA and low math
2024_25,Mendocino,Round Valley Unified,Unified,408.16,90.82774049217002,16748.27518620149,4238.710309682478,27935.639066091582,-106.6,-149.5,77.1,22.9,Low ELA and low math
2024_25,San Mateo,Ravenswood City Elementary,Elementary,1329.92,93.18497913769124,15469.407182386907,4435.026918912416,40954.3131692097,-105.4,-132.1,NA,NA,Low ELA and low math
2024_25,Tulare,Allensworth Elementary,Elementary,105.63,99.15254237288136,16546.35046861687,4706.49436713055,19564.334028633737,-100.6,-143.4,NA,NA,Low ELA and low math
2024_25,Humboldt,Loleta Union Elementary,Elementary,84.76,89.02439024390245,15557.137800849456,4425.932043416706,33585.9434271252,-100.2,-133.5,NA,NA,Low ELA and low math
2024_25,San Bernardino,Oro Grande,Elementary,91.94,93.10344827586206,15921.677180770066,4724.320208831847,137938.81306171356,-95.1,-126.5,79.6,19.5,Low ELA and low math
2024_25,Lake,Upper Lake Unified,Unified,872.01,83.27974276527331,15722.86212314079,4042.130250799876,24412.21157964876,-88.7,-118.4,92.1,6.7,Low ELA and low math
2024_25,Kern,Mojave Unified,Unified,2602.8500000000004,86.43250688705234,16036.373974681595,4441.1268417311785,23394.855348089925,-88.6,-136.6,77.4,17.6,Low ELA and low math
2024_25,Tulare,Pleasant View Elementary,Elementary,430.92,93.76391982182628,15710.452056066091,4618.021906618398,21149.239801594653,-88.6,-113.3,NA,NA,Low ELA and low math
2024_25,Tulare,Alpaugh Unified,Unified,341.42999999999995,88.1159420289855,16274.996338927454,4291.635181442756,22552.54171953356,-88.2,-140.7,79.6,19,Low ELA and low math
2024_25,Lake,Konocti Unified,Unified,3458.96,84.79678876066232,15620.735712468488,4193.977669588547,21029.392345053227,-88,-133.7,84.6,11.2,Low ELA and low math
2024_25,Monterey,San Ardo Union Elementary,Elementary,82.51,98.6842105263158,18484.838201430128,4718.3735304811535,36300.831219371576,-87.5,-117.4,NA,NA,Low ELA and low math
2024_25,Nevada,Twin Ridges Elementary,Elementary,90.86,84.76190476190476,15405.513977547876,3815.925599823905,28381.637027736564,-87.3,-125.5,NA,NA,Low ELA and low math
2024_25,San Bernardino,Baker Valley Unified,Unified,129.86,89.6,20172.285538271983,4145.910981056522,35606.370213889626,-84,-111.3,NA,NA,Low ELA and low math
2024_25,Los Angeles,Wilsona Elementary,Elementary,1149.88,94.0204563335956,16015.10592409643,4876.30622325808,24558.35349990397,-83.4,-112.2,NA,NA,Low ELA and low math
2024_25,Kings,Reef-Sunset Unified,Unified,2553.68,96.69545625234696,16494.73935653645,5166.852150621848,21924.15593154775,-83.3,-124.1,92.5,5.7,Low ELA and low math
2024_25,Tulare,Alta Vista Elementary,Elementary,507.28,94.1509433962264,15461.45915470746,4635.3118593281815,18814.7324998514,-80.3,-118.8,90.6,3.8,Low ELA and low math
2024_25,Santa Clara,Campbell Union,Elementary,428.23,88,17584.538682483715,4343.254792985079,22040.66562072338,-79.4,-89,NA,NA,Low ELA and low math
2024_25,Fresno,West Park Elementary,Elementary,282.67,87.76223776223776,15267.559344819048,4049.5595570806945,25292.807344025787,-77.8,-98.1,0,81.8,Low ELA and low math
2024_25,Fresno,Burrel Union Elementary,Elementary,112.64,93.5483870967742,16014.16903409091,4501.890980113636,27415.33913315274,-74.8,-63.5,NA,NA,Low ELA
2024_25,Los Angeles,Eastside Union Elementary,Elementary,2766.58,91.02902374670184,15495.641550217237,4482.655842231203,23027.9198882987,-74.7,-104.2,NA,NA,Low ELA and low math
2024_25,Tulare,Stone Corral Elementary,Elementary,110.09,100,16056.599146153148,5074.44817876283,28351.390682656824,-74.6,-124.9,27,16.1,Low ELA and low math
2024_25,Tulare,Sunnyside Union Elementary,Elementary,305.58,91.63987138263666,15824.752928856602,4553.383729301656,23288.291782439577,-74.5,-111,NA,NA,Low ELA and low math
2024_25,Kern,Di Giorgio Elementary,Elementary,232.53,100,16317.253687696211,5241.938674579624,21326.9537324006,-74.4,-109.6,NA,NA,Low ELA and low math
2024_25,Fresno,Coalinga-Huron Unified,Unified,4086.1,86.85701336958985,15825.880668608208,4389.461344558381,23083.825591181092,-73.3,-107.7,91,8.4,Low ELA and low math
2024_25,Los Angeles,Keppel Union Elementary,Elementary,2372.42,90.5431809300508,15529.50531524772,4377.559622663778,20897.499059687743,-73.1,-98.6,100,0,Low ELA and low math
2024_25,Tulare,Richgrove Elementary,Elementary,486.58,96.85534591194968,20659.712688560976,4949.29919026676,27182.0050015222,-73,-99.2,NA,NA,Low ELA and low math
2024_25,Merced,Dos Palos Oro Loma Joint Unified,Unified,2130.79,89.92901508429459,16362.029106575495,4568.764636590185,19633.557643011332,-72.3,-105.3,96.7,2.7,Low ELA and low math
2024_25,Siskiyou,Dunsmuir Elementary,Elementary,74.92,83.07692307692308,16073.972237052856,3861.852642819006,35236.23051496173,-72.2,-121.9,NA,NA,Low ELA and low math
2024_25,Tulare,Ducor Union Elementary,Elementary,145.73999999999998,87.5,15108.144641141762,3758.515163990669,24560.633606877684,-72,-107.4,NA,NA,Low ELA and low math
2024_25,Fresno,Parlier Unified,Unified,3032.26,96.53774173424829,16496.64078937822,5101.464584171543,24145.98997764969,-71.7,-114,93.5,2.6,Low ELA and low math
2024_25,Kern,Standard Elementary,Elementary,2916.23,90.36711641041732,15285.966813317194,4385.285454165138,19706.05260868965,-70.2,-101.2,NA,NA,Low ELA and low math
2024_25,Modoc,Tulelake Basin Joint Unified,Unified,435.76,84.75991649269311,16570.596199742977,3965.5131264916463,21348.27257871479,-68.4,-110.2,97.1,0,Low ELA and low math
2024_25,Monterey,Greenfield Union Elementary,Elementary,3249.54,88.30462375339982,14953.57373659041,4128.245844027155,20854.51934802294,-67.8,-93.2,NA,NA,Low ELA and low math
2024_25,Imperial,San Pasqual Valley Unified,Unified,538.71,94.62738301559791,18269.0872640196,4943.244045961649,34082.64704165613,-67.7,-140.9,78.8,11.5,Low ELA and low math
2024_25,Santa Barbara,Santa Maria-Bonita,Elementary,16317.38,94.68820828732493,15437.327438596149,4584.575342365012,20316.512301972183,-67.6,-90.3,NA,NA,Low ELA and low math
2024_25,Los Angeles,Lancaster Elementary,Elementary,12703.28,88.9026073062677,15177.26461197423,4298.361682966918,23224.82628034632,-67.4,-105.1,NA,NA,Low ELA and low math
2024_25,Solano,Vallejo City Unified,Unified,8602.28,85.26247848537005,15691.932138921307,4149.454098215821,27521.39160099237,-66.3,-92.3,81.3,16.5,Low ELA and low math
2024_25,Imperial,Westmorland Union Elementary,Elementary,308.04,96.71052631578948,15829.600051941305,4883.09635112323,25862.148521481697,-65.5,-99.2,NA,NA,Low ELA and low math
2024_25,Tehama,Corning Union Elementary,Elementary,1898.66,93.37044534412956,15601.0438941148,4598.206103251768,17727.164175828882,-65.5,-89.9,NA,NA,Low ELA and low math
2024_25,Kern,Lamont Elementary,Elementary,2557.94,87.8563061304178,15152.348374082268,4277.5014269294825,20192.11605198945,-65,-99.9,NA,NA,Low ELA and low math
2024_25,Kern,Beardsley Elementary,Elementary,1833.37,97.73755656108597,15797.68350087544,4932.338262325663,21033.824334963356,-64.6,-100.4,NA,NA,Low ELA and low math
2024_25,Napa,Pope Valley Union Elementary,Elementary,48.190000000000005,84.78260869565217,15873.43847271218,4415.625648474786,59459.56021798364,-63.6,-69.7,NA,NA,Low ELA
2024_25,Fresno,Golden Plains Unified,Unified,1284.7,97.48334566987415,17147.958278197242,5291.66264497548,28415.880271507744,-63.5,-95.4,96,1,Low ELA and low math
2024_25,Merced,Gustine Unified,Unified,1627.54,85.1259987707437,15518.889243889553,4041.798665470588,21250.49906327713,-62.7,-101.8,94.5,5.5,Low ELA and low math
2024_25,Santa Barbara,Guadalupe Union Elementary,Elementary,1242.92,92.07692307692308,15425.7450197921,4547.963666205387,22534.58921457828,-62.2,-95,NA,NA,Low ELA and low math
2024_25,Fresno,Laton Joint Unified,Unified,583.72,89.22056384742952,15695.480709929418,4081.7977797574176,25754.028339375353,-62,-99.9,97.3,0,Low ELA and low math
2024_25,Riverside,Banning Unified,Unified,4006.77,92.46753246753246,16135.923199984029,4690.298419924278,21430.19547597039,-61.2,-106.1,83.9,12.9,Low ELA and low math
2024_25,Tulare,Farmersville Unified,Unified,2308.01,93.05200341005968,15992.522996000882,4671.341112040242,20985.12220550788,-61.2,-103.9,98.6,0.9,Low ELA and low math
2024_25,Ventura,Hueneme Elementary,Elementary,6719.28,85.9514108948242,14797.982521936874,3965.289882249289,22463.89849179168,-61.2,-94,NA,NA,Low ELA and low math
2024_25,Sonoma,Bellevue Union,Elementary,1546.93,84.86153846153846,15375.468831815271,4138.465864648045,23948.60133383455,-61.2,-80.4,NA,NA,Low ELA and low math
2024_25,Glenn,Orland Joint Unified,Unified,2177.3500000000004,86.67275216795984,15647.144464601462,4105.085080487748,17781.643472942273,-60.9,-100.5,95.9,2.9,Low ELA and low math
2024_25,Kern,Bakersfield City,Elementary,27078.21,91.32381456019742,15557.964318911774,4477.86242148207,22638.14663364441,-59.3,-97.7,NA,NA,Low ELA and low math
2024_25,Kern,Maricopa Unified,Unified,296.47,99.6376811594203,18381.75869396566,5421.600836509596,30667.514734095617,-59.3,-90.7,80.3,10.5,Low ELA and low math
2024_25,San Joaquin,Stockton Unified,Unified,30239.439999999995,84.1068204137232,15398.790883693617,3831.637556780153,27317.584823310863,-58.8,-96.6,89.9,4.8,Low ELA and low math
2024_25,Imperial,Calexico Unified,Unified,7793.42,92.4457741211668,16200.309491853384,4831.158721074958,23614.4570709846,-58.6,-94.5,92.4,5.4,Low ELA and low math
2024_25,Los Angeles,Inglewood Unified,Unified,5757.160000000001,95.59370023004776,16067.395208748756,4703.408103995719,29101.02924383057,-58.5,-99.2,90.3,8.3,Low ELA and low math
2024_25,Imperial,Meadows Union,Elementary,368.55,85.22727272727273,15004.669651336317,3959.68253968254,23481.45921250376,-58.5,-65.6,NA,NA,Low ELA
2024_25,Sacramento,Robla Elementary,Elementary,1806.76,89.48758584257791,15334.020013726227,4361.632424893179,21103.914076792746,-58.3,-74.2,19.5,31.2,Low ELA
2024_25,Riverside,Coachella Valley Unified,Unified,14998.47,94.3984320667636,16441.997017029073,4952.587430584586,25960.833300207116,-57.6,-93.4,89.9,6.4,Low ELA and low math
2024_25,Tulare,Earlimart Elementary,Elementary,1334.64,96.09544468546638,15792.131960678536,4910.147305640473,25572.056426162973,-57.4,-107.4,NA,NA,Low ELA and low math
2024_25,Monterey,North Monterey County Unified,Unified,4155.2699999999995,88.76456876456876,16114.108589814865,4432.337008184788,23874.46592808893,-57.1,-97.3,90.2,3.6,Low ELA and low math
2024_25,San Bernardino,Lucerne Valley Unified,Unified,1114.41,90.43183742591025,16290.47657504868,4552.858463222691,22528.849918238004,-56.8,-104.1,50,18.3,Low ELA and low math
2024_25,Monterey,Santa Rita Union Elementary,Elementary,3077.21,88.05051813471502,14818.595740947156,4032.1193548701585,21166.53597446322,-55.7,-87,NA,NA,Low ELA and low math
2024_25,Monterey,Alisal Union,Elementary,7042.29,93.72860468300698,15646.95958274936,4783.826425779114,22711.90684108544,-55.6,-73.3,NA,NA,Low ELA
2024_25,Kern,Buttonwillow Union Elementary,Elementary,290.65,95.13888888888889,15975.640805092036,4744.944090830897,30553.65008666817,-55.3,-92.1,NA,NA,Low ELA and low math
2024_25,Riverside,Perris Elementary,Elementary,4331.49,91.70267934312878,15475.592463563347,4523.656062925229,21909.948060515955,-53.5,-81.2,NA,NA,Low ELA and low math
2024_25,Kings,Lakeside Union Elementary,Elementary,239.07,97.05882352941175,16113.44376124148,4907.985108963902,24155.626177687773,-53.5,-74.4,NA,NA,Low ELA
2024_25,Fresno,Raisin City Elementary,Elementary,246.44,98.82352941176472,16108.866255478008,4847.00941405616,23880.75620443935,-53.4,-91.6,28.7,26.7,Low ELA and low math
2024_25,Kern,Pond Union Elementary,Elementary,171.09,96,16693.973931848734,4605.06750832895,23963.357887988812,-53.4,-63.1,NA,NA,Low ELA
2024_25,Los Angeles,Palmdale Elementary,Elementary,15744.4,88.07220386974988,15137.480628032825,4313.74450598308,22455.997436702102,-53.3,-93.1,72.1,7.6,Low ELA and low math
2024_25,Siskiyou,Hornbrook Elementary,Elementary,36.41,100,20284.344960175775,4763.581433672068,38192.395197923426,-52.9,-101.4,NA,NA,Low ELA and low math
2024_25,Madera,Chowchilla Elementary,Elementary,2069.88,89.0807279514699,15286.907453572188,4305.602740255474,20222.66971478337,-52.8,-69.8,NA,NA,Low ELA
2024_25,Glenn,Hamilton Unified,Unified,689.3499999999999,83.19209039548022,15776.95075070719,4125.7561470950905,15736.799146176869,-52.5,-93.3,95.4,4.6,Low ELA and low math
2024_25,Kern,Vineland Elementary,Elementary,628.37,100,16102.4109998886,5203.9228480035645,24806.790368982704,-51.5,-96.2,NA,NA,Low ELA and low math
2024_25,Kern,Richland Union Elementary,Elementary,2397.93,92.24066390041494,15293.255015784447,4400.3436297139615,23152.952512472875,-51,-78.1,NA,NA,Low ELA
2024_25,San Bernardino,Victor Elementary,Elementary,11365.77,87.23870532703978,14940.146158157344,4040.4307847158616,20230.117605031188,-50.6,-77.4,NA,NA,Low ELA
2024_25,Kern,Edison Elementary,Elementary,1069.75,89.60216998191682,15397.928487964478,4553.719093246085,21505.32463448222,-50.5,-79.7,NA,NA,Low ELA and low math
2024_25,Kern,Arvin Union,Elementary,2765.98,95.28946422150304,15665.22859890527,4867.18667524711,21461.17480820831,-50.2,-76.4,NA,NA,Low ELA
2024_25,Monterey,King City Union,Elementary,2420.45,91.22944400939704,15393.57392220455,4514.0432564192615,20488.382377191552,-49.9,-83.3,NA,NA,Low ELA and low math
2024_25,Riverside,Hemet Unified,Unified,20037.89,87.79881603325953,15712.124130834136,4330.40115501183,20822.396494587672,-49.5,-98.5,92.2,3.5,Low ELA and low math
2024_25,Orange,Anaheim Elementary,Elementary,13420.740000000002,88.48889214751814,15326.809624506546,4294.363574586796,24160.816482581507,-49.3,-69.2,NA,NA,Low ELA
2024_25,Alameda,Hayward Unified,Unified,16320.94,83.09834839155205,15109.219076842388,3749.664663922544,23754.405340128793,-49,-88.8,82.4,11.3,Low ELA and low math
2024_25,Los Angeles,Mountain View Elementary,Elementary,4655.59,92.89715438046156,15438.900977104942,4543.080039264626,26776.612504491903,-49,-87.3,NA,NA,Low ELA and low math
2024_25,Monterey,Soledad Unified,Unified,4478.95,88.61720067453625,15788.386787081794,4368.164413534422,20411.97532630889,-48.4,-89.2,95,3.6,Low ELA and low math
2024_25,Monterey,Gonzales Unified,Unified,1981.39,87.00305810397553,15915.852507583062,4381.507931300754,24783.30046966602,-47.5,-94.8,94.3,2.4,Low ELA and low math
2024_25,Imperial,Seeley Union Elementary,Elementary,329.31,94.76923076923076,15759.384774224894,4759.776502383772,26691.336024452645,-47.2,-68.1,NA,NA,Low ELA
2024_25,San Diego,Borrego Springs Unified,Unified,339.09,90.40697674418604,17506.305110737565,4528.452623197381,29167.48981282602,-46.7,-85.4,25.1,23.5,Low ELA and low math
2024_25,Stanislaus,Modesto City Elementary,Elementary,13671.67,85.41594633842749,14963.972360362706,4043.570463593694,NA,-46.5,-75,94.8,5.2,Low ELA
2024_25,Contra Costa,Pittsburg Unified,Unified,9900.240000000002,83.62085130320645,15280.011191647876,3873.786292049485,21816.249319326576,-46.4,-98.1,86.1,7.8,Low ELA and low math
2024_25,Kern,Fairfax Elementary,Elementary,2625.3900000000003,97.93698424606151,15779.150145311742,4937.256179081965,19234.96831555373,-46.3,-77.4,NA,NA,Low ELA
2024_25,San Bernardino,Colton Joint Unified,Unified,18047.28,86.9935918323015,15663.1398748177,4285.4021215385355,23071.967415868217,-46,-84.6,92.1,5.5,Low ELA and low math
2024_25,Ventura,Oxnard,Elementary,13189.02,91.23279243251557,15298.195620296276,4439.877109898992,25508.33450828804,-46,-79.8,NA,NA,Low ELA and low math
2024_25,Colusa,Williams Unified,Unified,1222.5,93.24635456638526,16445.95746421268,5054.456441717792,16776.740141582966,-45.5,-100.2,96.8,1.1,Low ELA and low math
2024_25,Orange,Santa Ana Unified,Unified,37359.759999999995,92.37518571468618,15772.291684957294,4361.534683306318,27940.82282919973,-45.5,-78.2,91.7,6.6,Low ELA
2024_25,Santa Clara,Luther Burbank,Elementary,404.96,89.15094339622641,15152.926214934809,4262.741999209798,22465.67654610265,-45.5,-47.9,NA,NA,Low ELA
2024_25,Madera,Madera Unified,Unified,19039.38,91.72310007524456,16165.098390808944,4708.175318734118,21574.520150369644,-45,-87.4,93.4,4.2,Low ELA and low math
2024_25,Riverside,San Jacinto Unified,Unified,9532.42,91.97470817120625,15810.975806773096,4514.290180248037,23332.602576022375,-44.9,-93.3,93.9,2.4,Low ELA and low math
2024_25,Los Angeles,Lynwood Unified,Unified,10807.16,95.00738279808049,16725.27417008724,5123.637569907358,24970.05977095327,-44.7,-85.2,89,10.2,Low ELA and low math
2024_25,Merced,Los Banos Unified,Unified,10452.790000000005,84.9714648065948,15128.455177995536,3776.8457033959344,19916.02816262971,-44.2,-82.4,96.1,1.6,Low ELA and low math
2024_25,Los Angeles,Azusa Unified,Unified,6254.67,89.2514077509109,16002.53538555991,4506.706349016015,24689.8534670299,-44,-80.1,87.9,10.2,Low ELA and low math
2024_25,Fresno,Washington Unified,Unified,2332.7,88.93162393162393,16455.396321858792,4538.9312813477945,25741.79641959859,-43.9,-93,89.3,9.6,Low ELA and low math
2024_25,Tulare,Kings River Union Elementary,Elementary,387.09,88.68894601542416,15570.44356609574,4354.204448577851,23319.38936136072,-43.8,-69.8,NA,NA,Low ELA
2024_25,Riverside,Palm Springs Unified,Unified,18219.68,95.84028356964136,16663.9722541779,5205.644994862698,24457.09621625608,-43.6,-87.9,91.5,4.3,Low ELA and low math
2024_25,Tulare,Woodville Union Elementary,Elementary,378.45,97.0108695652174,16091.668648434405,5020.425419474171,23549.079554049134,-43.6,-57.9,NA,NA,Low ELA
2024_25,San Diego,National Elementary,Elementary,3933.96,90.37055709604236,15126.287252539423,4243.610509512044,28063.76816725724,-43.4,-54.5,NA,NA,Low ELA
2024_25,Kings,Corcoran Joint Unified,Unified,3043.05,91.81360201511336,15961.282923382789,4601.462020012816,19767.40655262277,-43,-83.7,92.7,6.4,Low ELA and low math
2024_25,Sacramento,Twin Rivers Unified,Unified,20743.460000000003,91.34385249534616,16408.335880320832,4662.372477879774,22643.081867959256,-42.3,-79,26,72.4,Low ELA
2024_25,Kern,Wasco Union Elementary,Elementary,3348.4100000000003,91.796200345423145,15435.280924379033,4591.886895571331,19948.370753154803,-42.2,-82.1,NA,NA,Low ELA and low math
2024_25,Riverside,Moreno Valley Unified,Unified,29072,88.20048504446241,15360.631294716566,3950.632120253165,21463.358875820584,-41.3,-89.1,93.3,4,Low ELA and low math
2024_25,Stanislaus,Waterford Unified,Unified,1702.43,89.56521739130434,16049.344172741316,4433.209588646817,24352.739469965545,-41,-67.5,92.9,3.3,Low ELA
2024_25,Sonoma,Roseland,Elementary,1513.79,94.83301827347196,15795.85147213286,4721.528745730914,36594.66367789985,-41,-50,89.9,8.3,Low ELA
2024_25,Tehama,Corning Union High,High,1022.24,84.57943925233644,16894.656832055094,4346.671036155893,19880.145212066876,-40.2,-135.8,94.1,4.1,Low math
2024_25,Los Angeles,Pomona Unified,Unified,18818.3,89.32649608796785,15964.254528836293,4593.947434146549,24466.881890669654,-38,-81.4,91.1,4.9,Low math
2024_25,Ventura,Santa Paula Unified,Unified,4522.91,87.67213114754098,15693.992805516802,4056.174454057233,24570.600490063644,-37.5,-82.2,96.9,1.4,Low math
2024_25,Fresno,Firebaugh-Las Deltas Unified,Unified,2090.94,87.8584229390681,16176.909428295408,4682.322304800711,22441.590537223237,-37.2,-83.3,95.8,0,Low math
2024_25,Monterey,San Lucas Union Elementary,Elementary,74.98,97.22222222222224,17326.847159242465,4921.232328620966,34838.85724973814,-37.1,-86.4,NA,NA,Low math
2024_25,Tulare,Strathmore Union Elementary,Elementary,663.88,90.88319088319088,15707.177501958186,4678.639211905766,24098.640829100143,-36.1,-81,NA,NA,Low math
2024_25,Riverside,Val Verde Unified,Unified,18075.18,88.60003144818911,15840.036337120848,4450.309429836937,21528.05900007278,-25.8,-79.9,95.1,3.6,Low math
2024_25,Orange,Anaheim Union High,High,26107.73,82.87136294027565,15846.453674831171,3912.5673507424817,19600.708241327608,-25.7,-84.1,94.3,3.4,Low math
2024_25,Monterey,Salinas Union High,High,15296.55,89.28729526339087,16974.703119330832,5001.530606574685,21170.84478891847,-25.1,-93.3,89.4,4.9,Low math
2024_25,San Bernardino,Victor Valley Union High,High,10859.03,86.47923875432527,16263.774020331464,4178.724987406794,22861.00016389042,-18.8,-94.8,84.2,8.9,Low math
2024_25,San Joaquin,New Hope Elementary,Elementary,168.61,85.36585365853658,14754.166419548072,3863.839629915189,22594.959249676587,-17.7,-86.8,NA,NA,Low math
2024_25,Merced,Le Grand Union High,High,496.87,89.28571428571429,17590.76015859279,4844.448246020086,25108.471381369676,-17.6,-91.5,97.2,2.1,Low math
2024_25,Madera,Chowchilla Union High,High,1062.39,82.61665141811528,17078.47494799462,4436.694622502095,19925.46565685528,-14.8,-118.2,93.4,5.2,Low math
2024_25,Los Angeles,Centinela Valley Union High,High,5393.6,82.8119180633147,16849.842035004447,4237.583803025808,21794.50242296324,-14.2,-121.3,58.5,38.6,Low math
2024_25,Monterey,South Monterey County Joint Union High,High,2552.79,85.52138034508627,17242.920490913864,4643.218987852507,18539.387071628604,0.7,-121,88.9,7.9,Low math
2024_25,Kern,Wasco Union High,High,1760.22,89.11335578002245,17564.25503630228,4909.053413777823,20245.306769938943,2.2,-86.5,93.3,4.5,Low math
