name,pct_high_needs,funding_14_15,funding_est_15_16,is_charter
ABC Unified,55,8230,9833,FALSE
Abernathy Collegiate Charter,41,7551,9016,TRUE
Abraxis Charter,91,10135,12565,TRUE
Acacia Elementary Charter,93,9271,11382,TRUE
Acacia Middle Charter,93,8974,10929,TRUE
Academia Avance Charter,89,9543,11940,TRUE
Academia Moderna,99,8969,11219,FALSE
Academic/Vocational Charter Institute,93,10217,12703,TRUE
Academies of the Antelope Valley,48,7716,9222,FALSE
Academy for Academic Excellence,22,7584,9058,TRUE
Academy of Arts and Sciences Fresno,50,8073,9574,TRUE
Academy of Arts and Sciences Los Angeles 9-12,42,9138,10502,TRUE
Academy of Arts and Sciences: Del Mar Elementary (K-5),46,7533,9143,TRUE
Academy of Arts and Sciences: Del Mar Middle & High (6-12),36,8097,9725,TRUE
Academy of Arts and Sciences: El Cajon Elementary (K-5),20,7610,8726,TRUE
Academy of Arts and Sciences: El Cajon Middle and High (6-12),34,8138,9688,TRUE
Academy of Arts and Sciences: Oxnard & Ventura,36,7755,9227,TRUE
Academy of Arts and Sciences: Sonoma,33,7673,9322,TRUE
Academy of Arts and Sciences: Thousand Oaks & Simi Valley,51,8106,9874,TRUE
Academy of Careers and Exploration,53,8769,10577,TRUE
Academy of Personalized Learning,64,8527,10487,TRUE
Academy of Science and Engineering,95,10350,12919,TRUE
Acalanes Union High,6,8254,9807,FALSE
Accelerated,99,9015,11097,FALSE
Accelerated Achievement Academy,80,9089,11243,TRUE
Accelerated Elementary Charter,99,9046,11271,TRUE
ACE Alum Rock,100,9248,10986,FALSE
ACE Charter High,100,10600,13266,TRUE
ACE Empower Academy,96,8829,10980,TRUE
ACE Franklin McKinley,99,9161,10840,FALSE
Achieve Academy,98,8870,11033,TRUE
Achieve Charter School of Paradise Inc.,43,7514,8952,TRUE
Ackerman Elementary,27,7331,8790,FALSE
Acton-Agua Dulce Unified,46,8346,9984,FALSE
Adelante Charter,78,7991,9678,TRUE
Adelanto Elementary,89,8835,11242,FALSE
Alain Leroy Locke College Prep Academy,96,10365,12935,TRUE
Alameda Community Learning Center,23,7723,9263,FALSE
Alameda Unified,39,7989,9548,FALSE
Albany City Unified,33,7720,9315,FALSE
Albert Einstein Academy Charter Middle,55,7434,8938,TRUE
Albert Einstein Academy Elementary,11,7355,8551,TRUE
"Albert Einstein Academy for Letters, Arts and Sciences",6,7762,9231,TRUE
"Albert Einstein Academy of Letters, Arts & Sciences - Agua Dulce Partnership",34,7687,8970,TRUE
Alder Grove Charter,66,8444,10449,TRUE
Alfred B. Nobel Charter Middle,39,7254,8705,TRUE
Alhambra Unified,73,9127,11074,FALSE
Alianza Charter,87,8866,10790,TRUE
Alisal Union,91,9035,11384,FALSE
All Tribes Charter,100,9890,12430,TRUE
All Tribes Elementary Charter,96,8899,11238,TRUE
Allensworth Elementary,100,11348,13697,FALSE
Alliance Alice M. Baxter College-Ready High,89,10514,12797,FALSE
Alliance Cindy and Bill Simon Technology Academy High,99,10321,12995,TRUE
Alliance College-Ready Academy High No. 16,96,10277,12929,TRUE
Alliance College-Ready Academy High No. 5,98,10291,12971,TRUE
Alliance College-Ready Middle Academy No. 12,100,9198,10788,TRUE
Alliance College-Ready Middle Academy No. 4,99,8695,10828,TRUE
Alliance College-Ready Middle Academy No. 5,95,8654,10798,TRUE
Alliance College-Ready Middle Academy No. 7,97,8629,10784,TRUE
Alliance College-Ready Middle Academy No. 8,96,9178,10569,TRUE
Alliance College-Ready Middle Academy No. 9,97,9188,10584,TRUE
Alliance Collins Family College-Ready High,94,10274,12890,FALSE
Alliance Dr. Olga Mohan High,97,10322,12962,FALSE
Alliance Environmental Science and Technology High,88,10154,12783,FALSE
Alliance Gertz-Ressler Richard Merkin 6-12 Complex,97,9651,11938,FALSE
Alliance Health Services Academy High,92,10228,12851,TRUE
Alliance Jack H. Skirball Middle,97,8634,10789,FALSE
Alliance Judy Ivie Burton Technology Academy High,98,10375,12973,TRUE
Alliance Marc & Eva Stern Math and Science,90,10189,12826,FALSE
Alliance Margaret M. Bloomfield Technology Academy High,93,10565,12882,TRUE
Alliance Media Arts and Entertainment Design High,96,10301,12935,FALSE
Alliance Ouchi-O' Donovan 6-12 Complex,97,9673,11990,FALSE
Alliance Renee and Meyer Luskin Academy High,96,10230,12944,TRUE
Alliance Susan and Eric Smidt Technology High,98,10374,12968,FALSE
Alliance Tennenbaum Family Technology High,82,10068,12600,FALSE
Almond Acres Charter Academy,26,7286,8780,TRUE
Alpaugh Unified,97,11155,13608,FALSE
Alpha Charter,58,8728,10789,TRUE
Alpha: Blanca Alvarado Middle,95,8805,10964,FALSE
Alpha: Jose Hernandez Middle,97,8937,10865,FALSE
Alpine Union Elementary,33,7604,9092,FALSE
Alta Loma Elementary,37,7483,9022,FALSE
Alta Vista Community Charter,49,7620,9245,TRUE
Alta Vista Elementary,96,9272,11619,FALSE
Alta Vista Public,89,10278,12941,FALSE
Alta Vista South Public Charter,94,10381,13157,TRUE
Alta-Dutch Flat Union Elementary,42,9496,10393,FALSE
Alternative Cooperative Education Charter,14,7117,8509,TRUE
Alum Rock Union Elementary,89,9365,11517,FALSE
Alview-Dairyland Union Elementary,71,8782,10641,FALSE
Alvina Elementary,82,8909,10753,FALSE
Alvord Unified,83,9142,11483,FALSE
Amador County Unified,46,8106,9867,FALSE
Ambassador Phillip V. Sanchez Public Charter,91,10441,13156,TRUE
America's Finest Charter,96,8324,10267,TRUE
American Indian Public Charter,83,8293,10319,TRUE
American Indian Public Charter School II,78,8360,10409,TRUE
American Indian Public High,75,9729,12149,FALSE
American River Charter,41,7623,9243,TRUE
Anaheim Elementary,91,9097,11446,FALSE
Anaheim Union High,75,9494,11554,FALSE
Anahuacalmecac International University Preparatory High,89,10163,12805,FALSE
Anderson New Technology High,47,8772,10613,FALSE
Anderson Union High,53,9386,11055,FALSE
Anderson Valley Unified,84,10474,12457,FALSE
Animo Avalon Charter Middle,100,9214,10629,TRUE
Animo Charter Middle No. 1,97,9185,10579,TRUE
Animo Charter Middle No. 2,99,9207,10805,TRUE
Animo Charter Middle No. 3,95,8681,10761,TRUE
Animo Charter Middle No. 4,94,8650,10744,TRUE
Animo College Preparatory Academy,98,10376,12967,TRUE
Animo Inglewood Charter High,91,10423,13099,TRUE
Animo Jackie Robinson High,98,10390,12977,FALSE
Animo Jefferson Charter Middle,99,8742,10821,TRUE
Animo Leadership High,93,10602,13335,FALSE
Animo Pat Brown,98,10375,12975,FALSE
Animo Ralph Bunche High,99,10432,12984,FALSE
Animo South Los Angeles Charter,92,10272,12865,TRUE
Animo Venice Charter High,86,10203,12739,TRUE
Animo Watts College Preparatory Academy,97,10385,12948,TRUE
Animo Westside Charter Middle,76,8176,10140,TRUE
Antelope Elementary,57,8391,9533,FALSE
Antelope Valley Learning Academy,87,10005,12687,TRUE
Antelope Valley Union High,65,9381,11477,FALSE
Antelope View Charter,45,8827,10558,TRUE
Antioch Charter Academy,28,7398,8761,TRUE
Antioch Charter Academy II,40,7526,8959,TRUE
Antioch Unified,70,8627,10710,FALSE
APEX Academy,97,10032,12426,TRUE
Apple Academy Charter Public,79,8602,10685,TRUE
Apple Valley Unified,67,8514,10528,FALSE
Aptitud Community Academy at Goss,97,9457,11336,TRUE
Ararat Charter,87,8802,10990,TRUE
Arcadia Unified,29,7717,9362,FALSE
Arcata Elementary,61,8119,9780,FALSE
"Architecture, Construction & Engineering Charter High (ACE)",48,8803,10621,TRUE
Arcohe Union Elementary,58,8183,9783,FALSE
Arena Union Elementary,75,9027,10760,FALSE
ARISE High,96,10244,12665,FALSE
Armona Union Elementary,94,9200,11583,FALSE
Aromas/San Juan Unified,66,9026,10875,FALSE
Arroyo Paseo Charter High,87,9633,11784,TRUE
Arroyo Vista Charter,30,7375,8772,TRUE
Arts in Action Community Charter,91,8947,11184,TRUE
Arundel Elementary,16,7226,8756,FALSE
Arvin Union,97,9307,11681,FALSE
ASA Charter,85,9389,11572,TRUE
ASCEND,96,8767,10824,FALSE
Aspire Alexander Twilight College Preparatory Academy,78,7912,9676,TRUE
Aspire Alexander Twilight Secondary Academy,78,8041,9739,TRUE
Aspire Antonio Maria Lugo Academy,96,8999,11055,TRUE
Aspire APEX Academy,76,8426,10504,TRUE
Aspire Benjamin Holt College Preparatory Academy,36,7869,9475,TRUE
Aspire Berkley Maynard Academy,84,8637,10633,TRUE
Aspire California College Preparatory Academy,75,9005,11139,TRUE
Aspire Capitol Heights Academy,88,8551,10506,TRUE
Aspire Centennial College Preparatory Academy,97,9194,10779,TRUE
Aspire College Academy,97,9177,11076,TRUE
Aspire East Palo Alto Charter,94,9474,11991,TRUE
Aspire ERES Academy,98,8760,10816,TRUE
Aspire Firestone Academy,94,8894,11135,TRUE
Aspire Gateway Academy,93,8902,11149,TRUE
Aspire Golden State College Preparatory Academy,89,9259,11471,TRUE
Aspire Huntington Park Charter,97,9124,11269,TRUE
Aspire Inskeep Academy Charter,99,8900,11091,TRUE
Aspire Juanita Tate Academy Charter,97,8960,11171,TRUE
Aspire Junior Collegiate Academy,95,8947,11101,TRUE
Aspire Langston Hughes Academy,81,9125,11372,TRUE
Aspire Lionel Wilson College Preparatory Academy,96,9496,11837,TRUE
Aspire Monarch Academy,98,9315,10999,TRUE
Aspire Ollin University Preparatory Academy,95,9416,11964,TRUE
Aspire Pacific Academy,97,9799,12070,TRUE
Aspire Port City Academy,74,8457,10429,TRUE
Aspire River Oaks Charter,60,8063,9627,TRUE
Aspire Rosa Parks Academy,94,9186,11365,TRUE
Aspire Slauson Academy Charter,97,8940,11106,TRUE
Aspire Summit Charter Academy,62,8010,9750,TRUE
Aspire Technology Charter AcademAspire Triumph Technology Academy,93,9079,10867,TRUE
Aspire Titan Academy,99,8985,11209,TRUE
Aspire University Charter,33,7576,8949,TRUE
Aspire Vanguard College Preparatory Academy,58,7950,9658,TRUE
Aspire Vincent Shalvey Academy,36,7574,8996,TRUE
Assurance Learning Academy,92,10299,12861,TRUE
Atascadero Unified,40,7975,9600,FALSE
Atwater Elementary,87,8887,11135,FALSE
Auburn Union Elementary,60,8451,9983,FALSE
Audeo Charter,69,9374,11478,TRUE
Aveson Global Leadership Academy,41,7862,9537,TRUE
Aveson School of Leaders,15,7272,8671,FALSE
Azusa Unified,85,9454,11634,FALSE
Bakersfield City Elementary,89,9281,11529,FALSE
Baldwin Park Unified,90,9678,11900,FALSE
Ballico-Cressey Elementary,76,8651,10666,FALSE
Ballington Academy for the Arts and Sciences,78,8469,10645,TRUE
Bangor Union Elementary,80,8868,10791,FALSE
Banning Unified,87,9358,11745,FALSE
Banta Elementary,73,8562,10546,FALSE
Barack Obama Charter,92,8975,11354,TRUE
Barona Indian Charter,42,7597,9027,TRUE
Barstow Unified,79,9042,11235,FALSE
Bass Lake Joint Union Elementary,61,8313,9946,FALSE
Bassett Unified,94,9963,12089,FALSE
Bay Area School of Enterprise,97,10450,12692,FALSE
Bay Area Technology,89,9297,11396,FALSE
Bay View Academy,39,7416,8982,TRUE
Bayshore Elementary,78,8545,10584,FALSE
Bayshore Preparatory Charter,56,8580,10316,TRUE
Beacon Classical Academy Elementary,78,8261,9747,TRUE
Bear Valley Unified,69,8856,10889,FALSE
Beardsley Elementary,85,8877,11072,FALSE
Beaumont Unified,61,8165,10040,FALSE
Beckford Charter for Enriched Studies,25,7263,8800,TRUE
Bella Mente Montessori Academy,23,7507,8771,TRUE
Bella Vista Elementary,66,8438,10240,FALSE
Belleview Elementary,59,9931,10067,FALSE
Bellevue Union Elementary,93,9269,11459,FALSE
Bellevue-Santa Fe Charter,4,7280,8380,TRUE
Bellflower Unified,75,8862,10971,FALSE
Benicia Unified,23,7637,9220,FALSE
Bennett Valley Union Elementary,23,7319,8729,FALSE
Berkeley Unified,41,8632,10033,FALSE
Berryessa Union Elementary,56,7773,9376,FALSE
Bert Corona Charter,89,8587,10658,TRUE
Big Lagoon Union Elementary,83,11168,13416,FALSE
Big Picture High School - Fresno,81,9702,12052,FALSE
Big Springs Union Elementary,64,8370,10043,FALSE
Big Sur Charter,30,7475,8974,TRUE
Big Sur Unified,85,52922,61961,FALSE
Big Valley Joint Unified,73,11875,13780,FALSE
Biggs Unified,50,9278,10568,FALSE
Binkley Elementary Charter,54,7589,9220,TRUE
Birmingham Community Charter High,85,10028,12718,TRUE
Bishop Unified,53,8672,10219,FALSE
Bitney College Preparatory High,44,8707,10553,FALSE
Bitterwater-Tully Union Elemen,33,12017,13773,FALSE
Black Butte Union Elementary,75,9758,11374,FALSE
Black Oak Mine Unified,48,8612,10169,FALSE
Blackford Elementary,81,8560,10627,FALSE
Blake Elementary,100,21316,25532,FALSE
Blochman Union Elementary,68,9890,10320,FALSE
Blue Lake Union Elementary,58,8022,9537,FALSE
Blue Oak Charter,61,7745,9287,TRUE
Bogus Elementary,93,18028,21381,FALSE
Bonita Unified,38,7906,9566,FALSE
Bonsall Unified,36,7621,9095,FALSE
Borrego Springs Unified,88,11110,13073,FALSE
Bowling Green Elementary,85,8493,10417,FALSE
Brawley Elementary,83,8804,10981,FALSE
Brawley Union High,76,10030,12293,FALSE
Brea-Olinda Unified,33,7840,9453,FALSE
Brentwood Union Elementary,31,7311,8813,FALSE
Bridges Academy,86,8747,10844,TRUE
BRIDGES Charter,14,7139,8531,TRUE
Bridgeville Elementary,63,11182,12284,FALSE
Briggs Elementary,83,8637,10840,FALSE
Bright Star Secondary Charter Academy,93,10296,12880,TRUE
Brittan Acres Elementary,13,7167,8670,FALSE
Brittan Elementary,57,7873,9409,FALSE
Browns Elementary,55,7917,9469,FALSE
Buckeye Union Elementary,18,7286,8705,FALSE
Buellton Union Elementary,41,8088,9426,FALSE
Buena Park Elementary,80,8660,10794,FALSE
Buena Vista Elementary,74,8543,10519,FALSE
Bullis Charter,9,7157,8465,TRUE
Burbank Unified,39,7895,9547,FALSE
Burlingame Elementary,26,7238,8729,FALSE
Burnt Ranch Elementary,66,10785,12055,FALSE
Burrel Union Elementary,96,9913,12199,FALSE
Burton Elementary,81,8658,10727,FALSE
Burton Pathways Charter Academy,89,10204,12659,TRUE
Butte Valley Unified,72,10751,12438,FALSE
Butterfield Charter High,69,9320,11726,TRUE
Butteville Union Elementary,56,7984,9424,FALSE
Buttonwillow Union Elementary,96,9722,12003,FALSE
Byron Union Elementary,29,7322,8803,FALSE
Cabrillo Unified,44,7776,9585,FALSE
Cajon Valley Union,71,8369,10289,FALSE
Calabash Charter Academy,18,7192,8690,TRUE
Calahan Community Charter,63,8602,9839,TRUE
Calaveras Unified,51,8419,10110,FALSE
Calexico Unified,95,9658,12173,FALSE
Cali Calmecac Language Academy,60,7820,9318,TRUE
Caliber Beta Academy,85,8797,10794,TRUE
Caliente Union Elementary,71,11435,13015,FALSE
California Connections Academy @ North Bay,27,7923,9405,TRUE
California Connections Academy @ Ripon,36,7929,9579,TRUE
California Heritage YouthBuild Academy,90,9252,11440,TRUE
California Military Institute,87,9458,11832,FALSE
California Montessori Project - Capitol Campus,24,7336,8717,FALSE
California Montessori Project - Elk Grove Campus,20,7342,8727,FALSE
California Montessori Project-San Juan Campus,27,7430,8830,FALSE
California Montessori Project-Shingle Springs Campus,11,7285,8477,FALSE
California Virtual Academy @ Fresno,65,7911,9735,TRUE
California Virtual Academy @ Jamestown,64,8890,10939,TRUE
California Virtual Academy @ Kings,61,8500,10457,TRUE
California Virtual Academy @ Los Angeles,61,8200,10100,TRUE
California Virtual Academy @ Maricopa,65,7922,9757,TRUE
California Virtual Academy @ San Diego,56,8006,9779,TRUE
California Virtual Academy @ San Joaquin,57,8148,9932,TRUE
California Virtual Academy @ San Mateo,43,7936,9599,TRUE
California Virtual Academy @ Sonoma,54,8001,9769,TRUE
California Virtual Academy @ Sutter,63,8420,10289,TRUE
California Virtual Academy High @ Maricopa,61,9110,11168,TRUE
Calipatria Unified,84,9642,11778,FALSE
Calvert Charter For Enriched Studies,65,8644,9904,TRUE
Camarillo Academy of Progressive Education,9,7132,8421,TRUE
Cambrian Elementary,24,8492,9059,FALSE
Camino Nuevo Academy #2,97,8879,11014,TRUE
Camino Nuevo Charter Academy,99,9178,11112,TRUE
Camino Nuevo Charter Academy No. 4,94,8859,11037,TRUE
Camino Nuevo Charter High,93,10513,12867,TRUE
Camino Nuevo Elementary No. 3,100,8930,11103,FALSE
Camino Nuevo High No. 2,98,10588,12967,FALSE
Camino Science and Natural Resources Charter,25,7172,8596,TRUE
Camino Union Elementary,54,8130,9703,FALSE
Camptonville Academy,55,7992,9702,TRUE
Canyon Elementary,4,7024,8447,FALSE
Canyon Elementary,11,8159,8504,FALSE
Capay Joint Union Elementary,54,7753,9302,FALSE
Capistrano Connections Academy,40,7957,9649,TRUE
Capistrano Unified,24,7668,9241,FALSE
Capitol Collegiate Academy,86,8611,10798,TRUE
Capri Elementary,51,7617,9287,FALSE
Carlsbad Unified,23,7471,9245,FALSE
Carpenter Community Charter,8,7093,8549,TRUE
Carter G. Woodson Public Charter,99,10410,13071,TRUE
Caruthers Unified,90,9655,12029,FALSE
"Casa Ramona Academy for Technology, Community, and Education",98,9263,11492,TRUE
Cascade Union Elementary,85,9097,11210,FALSE
Castaic Union,31,7452,8855,FALSE
Castle Rock,56,8553,10384,FALSE
Castle Rock Union Elementary,73,9735,10810,FALSE
Castlebay Lane Charter,18,7200,8707,TRUE
Castlemont Elementary,62,7925,9718,FALSE
Castro Valley Unified,26,7749,9225,FALSE
Cecil Avenue Math and Science Academy,96,8925,11139,TRUE
Ceiba College Preparatory Academy,83,9204,11429,TRUE
Celerity Cardinal Charter,96,9015,11359,TRUE
Celerity Dyad Charter,98,9067,11153,TRUE
Celerity Exa Charter,94,8632,10665,TRUE
Celerity Nascent Charter,91,9292,11172,TRUE
Celerity Octavia Charter,95,8893,11130,TRUE
Celerity Palmati Charter,98,8936,11212,TRUE
Celerity Sirius Charter,93,9065,11342,TRUE
Celerity Troika Charter,73,8354,10335,TRUE
Center for Advanced Learning,94,9071,11186,FALSE
Center For Learning and Educational Success,89,9868,12318,FALSE
Center Joint Unified,64,8397,10326,FALSE
Centinela Valley Union High,89,10851,13170,FALSE
Central California Connections Academy,53,8115,9906,TRUE
Central City Value,94,10331,12899,FALSE
Central Elementary,59,7792,9518,FALSE
Central Unified,67,8506,10505,FALSE
Central Union Elementary,55,7803,9367,FALSE
Central Union High,76,9922,12243,FALSE
Centralia Elementary,69,8182,10103,FALSE
Century Academy for Excellence,89,8703,10892,TRUE
Century Community Charter,88,8654,10831,TRUE
Ceres Unified,86,9258,11635,FALSE
Cesar Chavez Language Academy,73,8846,10674,TRUE
Chaffey Joint Union High,56,9046,10902,FALSE
CHAMPS - Charter HS of Arts-Multimedia & Performing,46,8731,10587,TRUE
Chandler Learning Academy,60,8486,9654,TRUE
Charter Alternative Program (CAP),17,7140,8506,TRUE
Charter Alternatives Academy,76,9241,11262,TRUE
Charter Community School Home Study Academy,10,7906,9318,TRUE
Charter Home School Academy,72,8033,9962,TRUE
Charter Montessori Blue Oak Campus,20,7204,8717,TRUE
Charter Oak Unified,57,8325,9954,TRUE
Charter School of Morgan Hill,6,7217,8390,TRUE
Charter School of San Diego,73,9483,11398,TRUE
Chatom Union,82,9087,11214,FALSE
Chatsworth Charter High,63,9544,11315,TRUE
Chawanakee Unified,55,9787,10933,FALSE
Chicago Park Community Charter,38,7452,8906,TRUE
Chicago Park Elementary,38,7649,8990,FALSE
Chico Country Day,21,7298,8621,FALSE
Chico Unified,49,8029,9703,FALSE
Children of Promise Preparatory Academy,96,9063,11506,TRUE
Children's Community Charter,40,7329,8916,TRUE
CHIME Institute's Schwarzenegger Community,22,7301,8667,FALSE
Chino Valley Unified,50,7997,9733,FALSE
Chowchilla Elementary,80,8779,10835,FALSE
Chowchilla Union High,77,10132,12437,FALSE
Chrysalis Charter,48,7572,9106,TRUE
Chualar Union,99,9581,11875,FALSE
Chula Vista Elementary,60,7940,9606,FALSE
Chula Vista Learning Community Charter,76,8207,10003,TRUE
Cielo Vista Charter,82,8682,10844,TRUE
Cienega Union Elementary,32,10001,11705,FALSE
Cinnabar Charter,77,8455,10473,TRUE
Circle of Independent Learning,17,7728,9264,FALSE
Citizens of the World 2,55,7749,9466,FALSE
Citizens of the World 3,35,8208,9216,FALSE
Citizens of the World Charter,44,7519,9121,TRUE
Citrus South Tule Elementary,91,9658,11609,FALSE
City Arts and Tech High,74,9608,11822,FALSE
City Charter Elementary,60,8615,9860,TRUE
City Charter Middle,20,7101,8407,TRUE
City Heights Preparatory Charter,100,8275,9981,TRUE
Civicorps Corpsmember Academy,94,10301,12629,TRUE
Claremont Unified,39,7971,9555,FALSE
Classical Academy,22,7169,8631,TRUE
Classical Academy High,19,8362,10061,TRUE
Clay Joint Elementary,28,7330,8870,FALSE
Clayton Valley Charter High,19,8370,10061,TRUE
Clear Creek Elementary,36,7439,8889,FALSE
Clemente Charter,98,9752,11526,TRUE
Cloverdale Unified,63,8527,10343,FALSE
Clovis Online Charter,33,8439,10132,TRUE
Clovis Unified,41,7889,9517,FALSE
Coachella Valley Unified,96,9728,12259,FALSE
Coalinga/Huron Joint Unified,85,9461,11647,FALSE
Coastal Academy,20,7147,8606,TRUE
Coastal Grove Charter,52,7642,9156,TRUE
Coffee Creek Elementary,17,15042,16763,FALSE
Coleman Tech Charter High,45,8746,10556,TRUE
Colfax Charter Elementary,26,7933,8827,TRUE
Colfax Elementary,51,7824,9162,FALSE
College Bridge Academy,99,10497,13221,TRUE
College Prep High,66,9152,11502,FALSE
College Preparatory Middle,32,7184,8562,FALSE
Colton Joint Unified,83,9163,11436,FALSE
Columbia Elementary,37,7697,9088,FALSE
Columbia Union,61,8341,10013,FALSE
Columbine Elementary,61,7980,9711,FALSE
Colusa Unified,71,8809,10720,FALSE
Come Back Kids,63,9157,11334,FALSE
Community Collaborative Charter,91,9721,12165,TRUE
Community Magnet Charter Elementary,30,8000,8827,TRUE
Community Montessori Charter,18,7478,8673,TRUE
Community Outreach Academy,95,9070,11226,TRUE
Community Roots Academy,4,7042,8418,TRUE
Community School for Creative Education,75,8361,10474,FALSE
Competitive Edge Charter Academy (CECA),30,7290,8771,TRUE
Compton Unified,88,9699,11909,FALSE
Conejo Valley Unified,25,7803,9334,FALSE
Connect Community Charter,74,8510,10155,TRUE
Connecting Waters Charter,45,7829,9499,TRUE
Connections Visual and Performing Arts Academy,19,8200,9856,TRUE
Conservation Corps of Long Beach Gateway Cities Charter,98,9625,12290,TRUE
Conservatory of Vocal/Instrumental Arts,66,8032,9816,FALSE
Corcoran Joint Unified,93,9510,12039,FALSE
CORE Butte Charter,43,7976,9668,TRUE
CORE Placer Charter,41,8016,9593,TRUE
Cornerstone Academy Preparatory,86,8875,11174,TRUE
Corning Union Elementary,89,9038,11296,FALSE
Corning Union High,76,9938,12287,FALSE
Corona-Norco Unified,48,7898,9631,FALSE
Coronado Pathways Charter,4,7989,9772,TRUE
Coronado Unified,9,7549,9063,FALSE
Cotati-Rohnert Park Unified,49,8001,9662,FALSE
Cottonwood Creek Charter,36,7367,8873,TRUE
Cottonwood Union Elementary,56,8026,9624,FALSE
County Collaborative Charter,65,8665,10278,TRUE
Covina-Valley Unified,71,8904,10902,FALSE
Cox Academy,95,9013,10942,TRUE
Creative Arts Charter,24,7286,8675,TRUE
Creative Connections Arts Academy,65,8211,10107,TRUE
Credo High,31,8574,10304,FALSE
Creekside Charter,20,7171,8632,TRUE
Crenshaw Arts-Technology Charter High,91,10305,12830,TRUE
Crescent Valley Public Charter,89,10394,13091,TRUE
Crescent View South Charter,87,10239,12817,TRUE
Crescent View West Charter,89,10399,13074,TRUE
Crossroads Charter,70,9119,11271,TRUE
Crown Preparatory Academy,97,8664,10729,TRUE
Cucamonga Elementary,79,8562,10686,FALSE
Cuddeback Union Elementary,46,8147,9393,FALSE
Culver City Unified,41,7909,9464,FALSE
Cupertino Union Elementary,16,7185,8608,FALSE
Curtis Creek Elementary,57,8385,9819,FALSE
Cutler-Orosi Joint Unified,97,9817,12302,FALSE
Cutten Elementary,45,7687,9227,FALSE
Cuyama Joint Unified,80,11777,13814,FALSE
Cypress Charter High,13,8297,9944,TRUE
Cypress Elementary,44,7516,9095,FALSE
Da Vinci Charter Academy,11,7928,9425,TRUE
Da Vinci Communications High,42,8508,10503,FALSE
Da Vinci Design,46,8708,10581,FALSE
Da Vinci Innovation Academy,7,7105,8438,TRUE
Da Vinci Science,46,8716,10577,FALSE
Darby Avenue Charter,37,8044,8963,TRUE
Darnall Charter,93,8516,10189,TRUE
Davis Joint Unified,27,7701,9252,FALSE
Dearborn Elementary Charter Academy,49,7564,9234,TRUE
Death Valley Unified,60,27148,30882,FALSE
Dehesa Charter,24,7494,9040,TRUE
Dehesa Elementary,52,8081,9572,FALSE
Del Norte County Unified,65,8673,10573,FALSE
Del Vista Math and Science Academy,97,9222,11573,TRUE
Delano Joint Union High,88,10807,13263,FALSE
Delano Union Elementary,92,9500,11720,FALSE
Delhi Unified,89,9388,11780,FALSE
Delphic Elementary,74,8967,10327,FALSE
Delta Charter,52,8449,10192,TRUE
Delta Charter,34,8558,10350,TRUE
Delta Elementary Charter,32,7364,8858,TRUE
Denair Academic Avenues,40,7435,9020,FALSE
Denair Charter Academy,62,8930,11008,TRUE
Denair Unified,63,8755,10389,FALSE
Desert Sands Charter,84,10194,12759,TRUE
Desert Sands Unified,73,8757,10929,FALSE
Desert Trails Preparatory Academy,95,8887,11337,TRUE
Design Tech High School,21,8378,10092,FALSE
Di Giorgio Elementary,96,9522,11829,FALSE
Diego Hills Charter,85,9554,11737,TRUE
Diego Springs Academy,95,11135,13142,TRUE
Diego Valley Charter,85,9765,12142,TRUE
Dinuba Unified,96,9715,12261,FALSE
Discovery Charter,46,7609,9056,TRUE
Discovery Charter,22,7288,8626,TRUE
Discovery Charter,18,7171,8324,TRUE
Discovery Charter II,16,7720,8692,TRUE
Discovery Charter Preparatory No. 2,95,10422,12912,TRUE
Dixie Canyon Community Charter,27,7308,8862,TRUE
Dixie Elementary,20,7286,8768,FALSE
Dixon Montessori Charter,30,7305,8794,TRUE
Dixon Unified,58,8195,10033,FALSE
Dos Palos Oro Loma Jt. Unified,90,9837,12231,FALSE
Douglas City Elementary,48,7925,9441,FALSE
Downey Unified,72,8800,10894,FALSE
Downtown Charter Academy,85,8800,10401,TRUE
Downtown College Prep - Alum Rock,83,8947,11206,FALSE
Downtown College Preparatory,85,9451,11338,FALSE
Downtown College Preparatory Middle,88,8170,9309,FALSE
Downtown Value,96,8890,10995,FALSE
Dr. Lewis Dolphin Stallworth Sr. Charter,100,9208,11441,TRUE
"Dr. Theo. T. Alexander Jr., Science Center",86,8787,11054,FALSE
Dry Creek Joint Elementary,43,7444,8998,FALSE
Dual Language Academy of the Monterey Peninsula,76,8597,10324,TRUE
Duarte Unified,76,8951,11044,FALSE
Dublin Unified,15,7821,8894,FALSE
Ducor Union Elementary,92,9437,11757,FALSE
Dunham Charter,28,7297,8844,TRUE
Dunsmuir Elementary,94,9717,11631,FALSE
Durham Unified,40,8183,9670,FALSE
E3 Civic High,72,9364,11491,FALSE
Eagle Peak Montessori,12,7067,8508,FALSE
Earlimart Elementary,98,9406,11808,FALSE
East Nicolaus Joint Union High,43,9568,11220,FALSE
East Oakland Leadership Academy,99,8871,10889,TRUE
East Palo Alto Academy,92,9585,11476,TRUE
East Side Union High,54,9377,11156,FALSE
East Whittier City Elementary,56,8243,9387,FALSE
Eastside Union Elementary,91,9190,11521,FALSE
eCademy Charter at Crane,45,8340,10036,TRUE
Edison Charter Academy,78,8508,10220,TRUE
Edison Elementary,91,9104,11352,FALSE
Edison-Bethune Charter Academy,95,9178,11268,TRUE
EDUHSD Virtual Academy at Shenandoah,16,8316,10000,TRUE
Edward B. Cole Academy,97,9367,11689,TRUE
Eel River Charter,97,9339,11639,TRUE
Einstein Academy,42,7627,9096,TRUE
EJE Elementary Academy Charter,87,8616,10553,TRUE
EJE Middle Academy,87,8253,10133,TRUE
El Camino Real Charter High,23,8425,10139,TRUE
El Centro Elementary,86,8941,11143,FALSE
El Dorado Union High,20,8593,10217,FALSE
El Monte City,93,9147,11498,FALSE
El Monte Union High,92,11028,13387,FALSE
El Nido Elementary,90,9486,11736,FALSE
El Oro Way Charter For Enriched Studies,38,7407,9005,TRUE
El Rancho Charter,14,7055,8384,TRUE
El Rancho Unified,84,9315,11610,FALSE
El Segundo Unified,16,7654,9086,FALSE
El Sol Santa Ana Science and Arts Academy,80,8686,10673,TRUE
El Tejon Unified,62,9135,10880,FALSE
Eleanor Roosevelt Community Learning Center,48,7696,9351,FALSE
Elevate Elementary,53,8063,9344,FALSE
Elise P. Buckingham Charter Magnet High,15,8318,9981,TRUE
Elk Grove Charter,42,8561,10324,TRUE
Elk Grove Unified,59,8196,9964,FALSE
Elkins Elementary,87,9493,11130,FALSE
Elverta Joint Elementary,73,8622,10492,FALSE
Emelita Academy Charter,68,8758,10085,TRUE
Emery Unified,75,9138,10905,FALSE
Empire Springs Charter,36,7635,9067,TRUE
Empire Union Elementary,84,8851,11068,FALSE
Empower Charter,84,8607,10252,TRUE
Enadia Technology Enriched Charter,71,8270,10270,TRUE
Encino Charter Elementary,25,7269,8802,TRUE
Encore Jr./Sr. High School for the Performing and Visual Arts,54,8319,10031,FALSE
Endeavor College Preparatory Charter,95,8831,11046,TRUE
Endeavour Academy,32,7688,8864,TRUE
Enterprise Elementary,72,8319,10277,FALSE
Environmental Charter High,80,10022,12488,TRUE
Environmental Charter Middle,98,8649,10798,TRUE
Environmental Charter Middle - Inglewood,95,8989,10979,TRUE
Envision Academy for Arts & Technology,66,9426,11514,TRUE
Epic Charter,95,8756,10327,TRUE
EPIC de Cesar Chavez,96,10230,12539,FALSE
Epiphany Prep Charter,89,8493,10118,TRUE
Equitas Academy Charter,96,9002,11362,TRUE
Equitas Academy Charter #2,96,9060,10565,TRUE
Escalon Charter Academy,46,7616,9134,TRUE
Escalon Unified,54,8242,9958,FALSE
Escondido Charter High,32,8618,10307,TRUE
Escondido Union Elementary,79,8597,10655,FALSE
Escondido Union High,72,9750,11970,FALSE
Escuela Popular Accelerated Family Learning,97,9624,11840,FALSE
"Escuela Popular/Center for Training and Careers, Family Learning",99,10442,13257,FALSE
Esparto Unified,78,9173,11123,FALSE
Etiwanda Elementary,37,7314,8892,FALSE
Eureka City Unified,64,8808,10403,FALSE
Eureka Union Elementary,13,7284,8670,FALSE
EV Cain 21st Century STEM Charter,47,7325,8838,TRUE
Evangeline Roberts Institute of Learning,85,8169,10148,FALSE
Everest Public High,52,8842,10708,FALSE
Everest Value,98,9496,11099,FALSE
Evergreen Elementary,44,7528,9063,FALSE
Evergreen Union Elementary,59,8080,9639,FALSE
Excel Prep Charter,89,8911,11317,TRUE
Excel Prep Charter - IE,78,8540,10617,TRUE
Excelsior Charter,54,8386,10194,TRUE
Executive Preparatory Academy of Finance,79,10216,12355,TRUE
Exeter Unified,64,8644,10435,FALSE
Explorer Elementary,35,7556,8957,FALSE
Extera Public,96,8926,11176,FALSE
Extera Public School No. 2,97,9664,11510,FALSE
Ezequiel Tafoya Alvarado Academy,97,9181,11366,TRUE
Fairfax Elementary,92,9065,11410,FALSE
Fairfield-Suisun Unified,60,8250,10061,FALSE
Fairmont Charter Elementary,72,7904,9552,TRUE
Fall River Joint Unified,62,10166,11334,FALSE
Fallbrook Union Elementary,63,8135,9913,FALSE
Fallbrook Union High,58,9237,11157,FALSE
FAME Public Charter,73,8652,10658,TRUE
Family First Charter,42,9119,10516,TRUE
Family Partnership Home Study Charter,59,8263,10159,TRUE
Fammatre Elementary,29,7320,8890,FALSE
Farmersville Unified,92,9592,11972,FALSE
Farnham Charter,29,7324,8868,TRUE
Feaster (Mae L.) Charter,93,8363,10049,TRUE
Feather Falls Union Elementary,82,19181,21312,FALSE
Fenton Avenue Charter,87,8886,10749,TRUE
Fenton Primary Center,90,9242,11392,FALSE
Ferndale Unified,44,9119,10341,FALSE
Fieldbrook Elementary,39,7674,8949,FALSE
Fillmore Unified,81,9062,11387,FALSE
Firebaugh-Las Deltas Unified,93,9640,12117,FALSE
Five Keys Adult School (SF Sheriff's),4,8209,9761,FALSE
Five Keys Charter (SF Sheriff's),11,8304,9899,TRUE
Five Keys Independence HS (SF Sheriff's),13,8324,9947,FALSE
Flournoy Union Elementary,60,10788,12444,FALSE
Folsom Cordova K-8 Community Charter,9,6994,8377,TRUE
Folsom-Cordova Unified,38,7817,9455,FALSE
Fontana Unified,87,9326,11764,FALSE
Forest Charter,47,8118,9828,TRUE
Forest Hill Elementary,27,7323,8883,FALSE
Forest Ranch Charter,42,7538,8999,TRUE
Foresthill Union Elementary,42,8081,9573,FALSE
Forestville Academy,49,7433,8976,TRUE
Forks of Salmon Elementary,78,16754,18925,FALSE
Fort Bragg Unified,71,9073,10886,FALSE
Fort Sage Unified,80,13001,15102,FALSE
Fortuna Elementary,73,8459,10346,FALSE
Fortuna Union High,48,8998,10822,FALSE
Fortune,84,8469,10609,FALSE
Fountain Valley Elementary,30,7328,8865,FALSE
Fowler Unified,78,9118,11258,FALSE
Franklin Elementary,30,7351,8865,FALSE
Franklin-McKinley Elementary,88,9185,11399,FALSE
Frederick Douglass Academy Elementary,91,8908,11074,TRUE
Frederick Douglass Academy High,70,9485,11748,TRUE
Frederick Douglass Academy Middle,82,8430,10490,TRUE
Fremont Unified,31,7842,9367,FALSE
French Gulch-Whiskeytown Elementary,77,10737,12479,FALSE
Freshwater Charter Middle,19,7129,8467,TRUE
Freshwater Elementary,29,7702,9107,FALSE
Fresno Academy for Civic and Entrepreneurial Leadership,56,8965,10806,TRUE
Fresno Unified,87,9419,11709,FALSE
Fruitvale Elementary,39,7449,8977,FALSE
Fuente Nueva Charter,38,7628,9070,TRUE
Fullerton Elementary,52,7681,9282,FALSE
Fullerton Joint Union High,49,9012,10741,FALSE
Fusion Charter,98,9392,11874,TRUE
Futures High,89,10380,12996,FALSE
Gabriella Charter,90,8794,10914,TRUE
Galt Joint Union Elementary,66,8124,9887,FALSE
Galt Joint Union High,58,9126,11078,FALSE
Garden Grove Unified,80,9105,11343,FALSE
Garfield Elementary,21,8590,8741,FALSE
Garr Academy of Math and Entrepreneurial Studies,96,9334,11234,TRUE
Garvey Elementary,89,8943,11171,FALSE
Gateway College and Career Academy,67,9152,11518,TRUE
Gateway High,41,8706,10492,FALSE
Gateway International,92,8195,9881,FALSE
Gateway Middle,38,7279,8681,FALSE
Gateway to College Academy,48,8904,10614,TRUE
Gateway Unified,75,9332,11317,FALSE
Gazelle Union Elementary,73,10743,12486,FALSE
George Ellery Hale Charter Academy,27,7132,8514,TRUE
George Washington Carver School of Arts and Science,49,8797,10642,FALSE
George Washington Charter,40,7445,9065,TRUE
Gerber Union Elementary,88,9374,11518,FALSE
Germain Academy For Academic Achievement,53,7602,9275,TRUE
Gilroy Prep,65,7914,9636,FALSE
Gilroy Unified,59,8305,10158,FALSE
Glacier High School Charter,36,8565,10394,TRUE
Glendale Unified,56,8107,9833,FALSE
Glendora Unified,29,7726,9337,FALSE
Global Education Academy,100,9192,11244,TRUE
Global Education Academy 2,97,9743,11512,TRUE
Global Education Academy Middle,100,9214,10809,TRUE
Global Youth Charter,65,8741,10760,TRUE
Goethe International Charter,52,7631,9339,TRUE
Gold Oak Union Elementary,43,8048,9546,FALSE
Gold Rush Charter,46,7932,9604,TRUE
Gold Trail Union Elementary,30,7638,9126,FALSE
Golden Eagle Charter,71,8535,10546,TRUE
Golden Feather Union Elementary,86,10533,12176,FALSE
Golden Oak Montessori of Hayward,17,7130,8520,FALSE
Golden Plains Unified,95,10336,12377,FALSE
Golden Valley Charter,26,7359,8888,TRUE
Golden Valley Charter School of Sacramento,39,7449,8975,TRUE
Golden Valley Unified,38,8367,9797,FALSE
Gompers Preparatory Academy,94,8873,10825,TRUE
Gonzales Unified,89,9601,11865,FALSE
Gorman Elementary,62,8662,10078,FALSE
Gorman Learning Center,36,7832,9437,FALSE
Grace Hopper STEM Academy,100,9048,11072,TRUE
Granada Community Charter,75,9024,10492,TRUE
Granada Hills Charter High,52,8861,10699,TRUE
Grant Elementary,15,7257,8659,FALSE
Grass Valley Charter,25,7197,8699,TRUE
Grass Valley Elementary,70,8608,10398,FALSE
Gratton Charter,10,7097,8445,TRUE
Gravenstein Elementary,17,7164,8660,FALSE
Graves Elementary,58,8440,9742,FALSE
Grayson Charter,98,8730,10756,TRUE
Great Valley Academy,41,7488,8954,TRUE
Great Valley Academy - Manteca,30,7325,8822,TRUE
Greater San Diego Academy,48,7842,9502,TRUE
Green Point Elementary,75,22007,24786,FALSE
Green Valley Charter,62,7900,9711,TRUE
Greenfield Union Elementary,88,8868,11170,FALSE
Greenfield Union Elementary,93,9101,11496,FALSE
Grenada Elementary,59,8213,9605,FALSE
Gridley Unified,75,9036,11076,FALSE
Grimmway Academy,88,8899,11143,TRUE
Grizzly ChalleNGe Charter,75,9132,11139,TRUE
Grossmont Union High,56,9253,10992,FALSE
Grove,27,8015,9614,FALSE
Grover Cleveland Charter High,66,9664,11504,TRUE
Guadalupe Union Elementary,91,8952,11318,FALSE
Guajome Learning Center,29,8132,9635,FALSE
Guajome Park Academy Charter,55,8053,9700,TRUE
Guerneville Elementary,63,8098,9679,FALSE
Guidance Charter,82,8823,11163,TRUE
Gustine Unified,78,9066,11182,FALSE
Hacienda la Puente Unified,78,9394,11298,FALSE
Hallmark Charter,48,7918,9637,TRUE
Hamilton Unified,82,9526,11605,FALSE
Hamlin Charter Academy,56,7684,9390,TRUE
Hanford Elementary,82,8769,10870,FALSE
Hanford Joint Union High,59,9196,11100,FALSE
Happy Camp Union Elementary,45,8728,9533,FALSE
Happy Valley Elementary,14,7182,8613,FALSE
Happy Valley Union Elementary,70,8733,10591,FALSE
Harbor Springs Charter,52,7907,9228,TRUE
Hardy Brown College Prep,93,9167,11634,FALSE
Harmony Magnet Academy,57,8993,10874,TRUE
Harriet Tubman Village Charter,85,8303,10024,TRUE
Hart-Ransom Academic Charter,58,7774,9557,TRUE
Hart-Ransom Union Elementary,57,7833,9489,FALSE
Harvest Ridge Cooperative Charter/Placer Academy,10,7124,8520,TRUE
Hawthorne Elementary,90,9029,11374,FALSE
Hawthorne Math and Science Academy,78,9905,12336,TRUE
Haynes Charter For Enriched Studies,19,7207,8711,TRUE
Hayward Unified,80,9135,11150,FALSE
Healdsburg Charter,41,7537,9137,TRUE
Health Careers Academy,84,10093,12708,TRUE
Health Sciences High,77,9435,11589,FALSE
Health Sciences Middle,65,8083,9473,FALSE
Heather Elementary,26,7331,8910,FALSE
Heber Elementary,96,9232,11626,FALSE
Helendale Elementary,50,7579,9181,FALSE
Helix High,62,9218,11210,FALSE
Hemet Unified,82,9105,11426,FALSE
Heritage Digital Academy Charter Middle,40,7360,8727,TRUE
Heritage K-8 Charter,36,7448,8923,TRUE
Heritage Peak Charter,64,8594,10549,TRUE
Hermosa Beach City Elementary,4,7030,8337,FALSE
Hesby Oaks Leadership Charter,18,7103,8520,TRUE
Hesperia Unified,74,8754,10964,FALSE
Hickman Community Charter,33,7372,8815,TRUE
High Tech Elementary Chula Vista,64,7879,9638,FALSE
High Tech Elementary North County,58,7765,9415,FALSE
High Tech High,34,8804,10344,FALSE
High Tech High Chula Vista,55,8859,10755,FALSE
High Tech High International,40,8708,10473,FALSE
High Tech High Media Arts,50,8810,10653,FALSE
High Tech High North County,29,8514,10248,FALSE
High Tech LA,51,8775,10676,FALSE
High Tech Middle,42,7330,8759,FALSE
High Tech Middle Chula Vista,56,7530,9010,FALSE
High Tech Middle Media Arts,48,7391,8859,FALSE
High Tech Middle North County,43,7349,8768,FALSE
Higher Learning Academy,92,9071,11203,TRUE
Highland Academy,15,7070,8328,TRUE
Highlands Community Charter,96,10350,12728,TRUE
Hillcrest Middle,17,7031,8373,FALSE
Hilmar Unified,61,8461,10270,FALSE
Hollister,69,8191,10094,FALSE
Hollister Prep,84,8798,10670,FALSE
Holly Drive Leadership Academy,89,8306,9989,TRUE
Holtville Unified,76,9219,11249,FALSE
Hometech Charter,80,8805,10920,TRUE
Hope Academy Charter,60,8464,10150,TRUE
Hope Charter Academy,26,7949,9104,TRUE
Hope Elementary,75,7309,8874,FALSE
Horizon Charter,60,8228,9943,TRUE
Hot Springs Elementary,80,13209,15076,FALSE
Howard Gardner Community Charter,75,8075,9735,TRUE
Hueneme Elementary,86,8807,11060,FALSE
Hughes-Elizabeth Lakes Union Elementary,47,8516,9928,FALSE
Hughson Unified,56,8345,9911,FALSE
Hume Lake Charter,61,8280,10029,TRUE
"Humphreys College Academy of Business, Law and Education",80,9311,11399,TRUE
Huntington Beach City Elementary,20,7250,8733,FALSE
Huntington Beach Union High,33,8770,10420,FALSE
Hydesville Elementary,28,7476,8867,FALSE
ICEF Inglewood Elementary Charter Academy,90,8889,11329,TRUE
ICEF Inglewood Middle Charter Academy,85,8603,10690,TRUE
ICEF Vista Elementary Academy,98,9047,11207,TRUE
ICEF Vista Middle Academy,97,8688,10763,TRUE
Ida Jew Academies,76,8421,10426,FALSE
Iftin Charter,100,8503,10278,TRUE
"Igo, Ono, Platina Union Elementary",66,11742,12950,FALSE
iLEAD Lancaster Charter,27,7307,8786,TRUE
Imagine Schools at Imperial Valley,90,8888,11061,FALSE
"Imagine Schools, Riverside County",89,9310,11600,FALSE
Impact Academy of Arts & Technology,74,9630,12015,TRUE
Imperial Beach Charter,62,7860,9592,TRUE
Imperial Unified,53,8022,9703,FALSE
Imperial Valley Home School Academy,15,7242,8601,TRUE
Independence Charter,72,8453,10530,TRUE
Independence Charter Academy,54,8202,10202,TRUE
Ingenium Charter,85,8771,11107,TRUE
Ingenium Charter Middle,93,9141,10698,TRUE
Inglewood Unified,89,9557,11781,FALSE
Inland Leaders Charter,27,7267,8726,TRUE
Innovations Academy,29,7344,8732,TRUE
Innovative Horizons Charter,91,9024,11293,TRUE
Insight @ Los Angeles,72,9441,11922,FALSE
Insight @ San Diego,65,8873,10959,FALSE
Inspire School of Arts and Sciences,33,8570,10336,FALSE
Integrity Charter,97,9062,11228,TRUE
Intellectual Virtues Academy of Long Beach,15,7118,8273,TRUE
Intermountain STEM Academy Charter,17,7289,8285,TRUE
International School of Monterey,23,7292,8637,FALSE
Ipakanni Early College Charter,64,9005,10964,TRUE
iQ Academy California-Los Angeles,46,7945,9538,TRUE
Irvine Unified,28,7588,9263,FALSE
Island Union Elementary,38,7705,9134,FALSE
Ivy Academia,39,7785,9297,FALSE
"Ivy Bound Academy Math, Science, and Technology Charter Middle #2",62,8144,9245,TRUE
"Ivy Bound Academy of Math, Science, and Technology Charter Middle",33,7187,8563,TRUE
IvyTech Charter,18,8233,9820,TRUE
Jacoby Creek Elementary,18,7273,8675,FALSE
James Jordan Middle,94,8696,10723,FALSE
Jamestown Elementary,78,9278,11205,FALSE
Jamul-Dulzura Union Elementary,50,8135,9591,FALSE
Janesville Union Elementary,41,7641,9149,FALSE
Jardin de la Infancia,100,9577,11561,FALSE
Jefferson Charter Academy,50,7717,9155,TRUE
Jefferson Elementary,74,8387,10367,FALSE
Jefferson Elementary,37,7448,8929,FALSE
Jefferson Elementary,64,9867,10304,FALSE
Jefferson Union High,41,8707,10523,FALSE
Joe Serna Jr. Charter,71,8249,10120,TRUE
John Adams Academy,12,7277,8728,TRUE
John B. Riebli Elementary,24,7225,8712,FALSE
John Swett Unified,69,8690,10706,FALSE
Johnstonville Elementary,48,7631,9208,FALSE
Journey,17,7261,8663,FALSE
Juan Bautista de Anza,74,8903,10896,FALSE
Julian Charter,36,7668,9280,TRUE
Julian Union Elementary,58,8300,9730,FALSE
Julian Union High,49,11396,13055,FALSE
Junction City Elementary,74,8656,10339,FALSE
Junction Elementary,46,8248,9635,FALSE
Junction Elementary,92,12053,14511,FALSE
Juniper Ridge Virtual Academy Charter,39,7738,9239,TRUE
Jurupa Unified,80,9087,11349,FALSE
Justice Street Academy Charter,32,7349,8921,TRUE
Kairos Public School Vacaville Academy,9,7219,8437,TRUE
Kashia Elementary,94,11878,14182,FALSE
Kavod Elementary Charter,41,7988,9317,TRUE
Kawana Elementary,94,9175,11471,FALSE
Keiller Leadership Academy,87,8206,10008,TRUE
Kelseyville Unified,77,9094,11270,FALSE
Kenter Canyon Elementary,7,7053,8493,FALSE
Kentfield Elementary,8,7094,8415,FALSE
Kepler Neighborhood,73,8550,10335,FALSE
Keppel Union Elementary,87,8825,11072,FALSE
Kerman Unified,89,9360,11829,FALSE
Kern Union High,65,9588,11472,FALSE
Kern Workforce 2000 Academy,82,9529,11752,TRUE
Kernville Union Elementary,74,8659,10633,FALSE
Keyes to Learning Charter,22,7517,9061,TRUE
Keyes Union Elementary,93,9156,11518,FALSE
Kid Street Learning Center Charter,89,8848,10774,TRUE
King City Union,91,9079,11393,FALSE
King-Chavez Academy of Excellence,98,8452,10149,TRUE
King-Chavez Arts Academy,100,8432,10097,TRUE
King-Chavez Athletics Academy,99,8451,10087,TRUE
King-Chavez Community High,85,9629,11735,FALSE
King-Chavez Preparatory Academy,100,8301,10025,TRUE
King-Chavez Primary Academy,100,9016,10685,TRUE
Kings Canyon Joint Unified,87,9514,11832,FALSE
Kings River Union Elementary,94,9513,11812,FALSE
Kings River-Hardwick Union Elementary,35,7544,9044,FALSE
Kingsburg Elementary Charter,59,7848,9579,TRUE
Kingsburg Joint Union High,37,8905,10625,FALSE
KIPP Academy of Innovation,91,9133,10493,TRUE
KIPP Academy of Opportunity,83,8417,10512,TRUE
KIPP Adelante Preparatory Academy,99,8261,9953,TRUE
KIPP Bayview Academy,83,8185,10039,TRUE
KIPP Bridge Charter,74,8097,9975,TRUE
KIPP Comienza Community Prep,94,8995,11309,FALSE
KIPP Empower Academy,89,8857,11215,TRUE
KIPP Heartwood Academy,84,8529,10562,TRUE
KIPP Heritage Academy,78,8601,10069,TRUE
KIPP Iluminar Academy,89,9576,11373,TRUE
KIPP King Collegiate High,74,9679,12027,FALSE
KIPP Los Angeles College Preparatory,93,8606,10672,FALSE
KIPP Philosophers Academy,96,8669,10700,TRUE
KIPP Prize Preparatory Academy,92,9082,10708,TRUE
KIPP Raices Academy,94,9031,11274,TRUE
KIPP San Francisco Bay Academy,81,8144,9978,TRUE
KIPP San Francisco College Preparatory,80,9670,11935,FALSE
KIPP San Jose Collegiate,76,9753,12151,FALSE
KIPP Scholar Academy,94,8613,10652,TRUE
KIPP Sol Academy,93,9037,10525,TRUE
KIPP Summit Academy,74,8171,10003,TRUE
KIPP Vida Preparatory Academy,96,9732,11492,TRUE
Kirkwood Elementary,49,8155,9119,FALSE
Kit Carson Union Elementary,78,8922,10854,FALSE
Klamath River Early College of the Redwoods,76,8556,10534,FALSE
Klamath-Trinity Joint Unified,86,10455,12582,FALSE
Kneeland Elementary,28,10828,12226,FALSE
Knightsen Elementary,42,7648,9079,FALSE
Knollwood Preparatory Academy,56,7673,9384,TRUE
Knowledge Enlightens You (KEY) Academy,77,8656,10387,TRUE
Konocti Unified,87,9570,11785,FALSE
La Canada Unified,7,7415,8878,FALSE
La Habra City Elementary,79,8632,10745,FALSE
La Mesa-Spring Valley,62,8000,9759,FALSE
La Sierra High,80,9177,11372,FALSE
La Tijera K-8 Academy of Excellence,86,8971,10950,TRUE
La Verne Science and Technology Charter,89,9032,11077,TRUE
La Vida Charter,68,8454,10473,TRUE
Lafayette Elementary,5,7060,8407,FALSE
Laguna Joint Elementary,72,9434,10357,FALSE
Lagunita Elementary,16,7803,8583,FALSE
Lagunitas Elementary,19,8099,8713,FALSE
Lake County International Charter,69,7878,9425,TRUE
Lake Elementary,44,7825,9144,FALSE
Lake Elsinore Unified,67,8513,10477,FALSE
Lake Tahoe Unified,62,8565,10320,FALSE
Lakeport Unified,61,8267,10135,FALSE
Lakeside Union Elementary,48,7676,9279,FALSE
Lakeside Union Elementary,67,8366,10039,FALSE
Lakeside Union Elementary,96,9749,11889,FALSE
Lammersville Joint Unified,24,7534,8896,FALSE
Lamont Elementary,98,9381,11814,FALSE
Lancaster Elementary,83,8655,10872,FALSE
Larchmont Charter,42,7579,9174,TRUE
Larkspur-Corte Madera,11,7160,8480,FALSE
Las Virgenes Unified,12,7613,9125,FALSE
Lashon Academy,96,9733,11495,TRUE
Lassen Union High,30,8967,10636,FALSE
Lassen View Union Elementary,54,8070,9546,FALSE
Latino College Preparatory Academy,96,10456,12904,TRUE
Laton Joint Unified,88,9983,12150,FALSE
Laurel Preparatory Academy,57,9020,10675,TRUE
Laurel Tree Charter,56,7852,9545,TRUE
LaVerne Elementary Preparatory Academy,78,8402,10455,TRUE
Lawndale Elementary,86,8869,11083,FALSE
Laytonville Unified,74,10753,12787,FALSE
Lazear Charter Academy,95,8726,10779,TRUE
Le Grand Union Elementary,84,8927,11011,FALSE
Le Grand Union High,83,10483,12918,FALSE
Leadership High,79,9680,11913,FALSE
Leadership Public Schools - Hayward,66,9361,11511,FALSE
Leadership Public Schools - San Jose,92,10548,13113,FALSE
Leadership Public Schools: Richmond,96,10115,12525,FALSE
Learning Choice Academy,49,7923,9654,TRUE
Learning Community Charter,83,9479,11728,TRUE
Learning for Life Charter,71,9189,11420,TRUE
Learning Without Limits,95,8835,10956,FALSE
Learning Works,96,9866,12292,FALSE
Leggett Valley Unified,61,18065,20670,FALSE
Lemon Grove Elementary,80,8658,10759,FALSE
Lemoore Middle College High,29,8524,10256,FALSE
Lemoore Union Elementary,71,8297,10227,FALSE
Lemoore Union High,46,8882,10681,FALSE
Lemoore University Elementary Charter,36,7205,8618,TRUE
Lennox,96,9395,11620,FALSE
"Lennox Mathematics, Science and Technology Academy",92,10517,13282,TRUE
Leonardo da Vinci Health Sciences Charter,67,7902,9664,TRUE
Leroy Greene Academy,58,8124,9945,TRUE
Lewiston Elementary,88,12755,14608,FALSE
Liberty Elementary,66,8071,9978,FALSE
Liberty Elementary,21,7160,8624,FALSE
Liberty Elementary,24,8405,9319,FALSE
Liberty Union High,31,8531,10332,FALSE
Life Learning Academy Charter,92,9832,12177,TRUE
Life Source International Charter,79,8475,10589,TRUE
Lifeline Education Charter,97,9636,12054,TRUE
Lighthouse Community Charter,89,8737,10683,TRUE
Lighthouse Community Charter High,89,10093,12536,TRUE
Lincoln Street,63,8003,9585,FALSE
Lincoln Unified,62,8260,10201,FALSE
Linden Unified,58,8443,10179,FALSE
Lindsay Unified,89,9485,11752,FALSE
Linns Valley-Poso Flat Union,57,10639,12335,FALSE
Linscott Charter,43,7530,9003,TRUE
Literacy First Charter,42,7753,9292,TRUE
Little Lake City Elementary,73,8311,10322,FALSE
Live Oak Charter,22,7272,8668,TRUE
Live Oak Elementary,71,8440,10295,FALSE
Live Oak Unified,81,9111,11381,FALSE
Livermore Valley Charter,11,7151,8461,TRUE
Livermore Valley Charter Preparatory High,12,8315,9918,TRUE
Livermore Valley Joint Unified,30,7818,9364,FALSE
Livingston Union,90,9076,11343,FALSE
Lockhurst Drive Charter Elementary,29,7310,8860,TRUE
Lodi Unified,70,8741,10757,FALSE
Loleta Union Elementary,95,9466,11709,FALSE
Loma Vista Charter,95,10435,13097,TRUE
Loma Vista Immersion Academy,65,8762,9743,TRUE
Lompoc Unified,67,8612,10539,FALSE
Long Beach Unified,70,8732,10776,FALSE
Loomis Basin Charter,3,7245,8292,TRUE
Loomis Union Elementary,21,7259,8666,FALSE
Los Alamitos Unified,15,7583,9083,FALSE
Los Angeles Academy of Arts & Enterprise Charter,99,9728,12107,TRUE
Los Angeles Big Picture High,93,10360,12868,FALSE
Los Angeles County Online High,58,8981,10934,FALSE
Los Angeles International Charter High,79,9920,12408,TRUE
Los Angeles Leadership Academy,83,9258,11456,TRUE
Los Angeles Leadership Primary Academy,88,8963,11290,TRUE
Los Angeles Unified,83,10407,12478,FALSE
Los Banos Unified,81,8988,11324,FALSE
Los Feliz Charter School for the Arts,39,7468,8985,TRUE
Los Molinos Unified,80,10068,12180,FALSE
Los Nietos,95,9252,11622,FALSE
Los Olivos Elementary,13,7381,8569,FALSE
Lost Hills Union Elementary,98,9507,12040,FALSE
Lou Dantzler Preparatory Charter Elementary,89,8892,11106,TRUE
Lou Dantzler Preparatory Charter Middle,86,8524,10609,TRUE
Lowell Joint Elementary,40,7446,9019,FALSE
LPS Oakland R & D Campus,94,10198,12636,FALSE
Lucerne Elementary,93,9432,11515,FALSE
Lucerne Valley Unified,87,10142,12221,FALSE
Lucia Mar Unified,53,8085,9813,FALSE
Luis Valdez Leadership Academy,86,10361,12843,TRUE
Luther Burbank Elementary,99,9331,11826,FALSE
Lynhaven Elementary,70,8280,10244,FALSE
Lynwood Unified,97,9886,12440,FALSE
MAAC Community Charter,94,9704,11782,TRUE
Madera Unified,90,9469,11903,FALSE
Magnolia Elementary,88,8990,11280,FALSE
Magnolia Science Academy,92,9409,11778,TRUE
Magnolia Science Academy - Santa Ana,53,7980,9435,TRUE
Magnolia Science Academy 2,80,8898,11131,TRUE
Magnolia Science Academy 3,87,9179,11496,TRUE
Magnolia Science Academy 4,75,9109,11224,TRUE
Magnolia Science Academy 5,93,8639,10631,TRUE
Magnolia Science Academy 6,81,8379,10451,TRUE
Magnolia Science Academy 7,79,8570,10772,TRUE
Magnolia Science Academy Bell,94,8711,10757,TRUE
Magnolia Science Academy San Diego,24,7109,8457,TRUE
Magnolia Science Academy Santa Clara,23,7399,8829,TRUE
Magnolia Union Elementary,22,7615,8883,FALSE
Making Waves Academy,86,8908,11123,TRUE
Manhattan Beach Unified,3,7459,8871,FALSE
Manteca Unified,67,8497,10479,FALSE
Manteca Unified Vocational Academy,57,9022,10897,TRUE
Manzanita Elementary,50,7666,9169,FALSE
Manzanita Middle,81,8218,10190,FALSE
Manzanita Public Charter,64,8073,9738,TRUE
Maple Creek Elementary,80,28367,30974,FALSE
Maple Elementary,62,7876,9744,FALSE
Marcum-Illinois Union Elementary,60,8968,10601,FALSE
Mare Island Technology Academy,66,7870,9600,TRUE
Maria Montessori Charter Academy,29,7443,8775,TRUE
Maricopa Unified,82,10561,12765,FALSE
Mariposa County Unified,55,9663,11498,FALSE
Mark Twain Union Elementary,58,7931,9587,FALSE
Mark West Charter,37,7320,8754,TRUE
Mark West Union Elementary,54,8698,9441,FALSE
Marquez Charter,10,7095,8550,TRUE
Marshall Lane Elementary,21,7210,8718,FALSE
Martinez Unified,32,7881,9280,FALSE
Mary Collins Charter School at Cherry Valley,16,7232,8540,TRUE
Marysville Charter Academy for the Arts,49,8250,9981,TRUE
Marysville Joint Unified,82,9242,11463,FALSE
Math and Science College Preparatory,94,10542,12893,FALSE
Mattole Unified,42,16897,18676,FALSE
Mattole Valley Charter (#159),73,8704,10879,TRUE
Maxwell Unified,65,10073,11885,FALSE
McCabe Union Elementary,38,7434,8975,FALSE
McCloud Union Elementary,81,9156,9836,FALSE
McFarland Unified,91,9854,12038,FALSE
McGill School of Success,96,8996,10626,FALSE
McKinleyville Union Elementary,52,7778,9371,FALSE
McSwain Union Elementary,41,7800,9349,FALSE
Meadows Arts and Technology Elementary,12,7626,8572,FALSE
Meadows Union Elementary,84,8959,11075,FALSE
Mendota Unified,99,9913,12434,FALSE
Menifee Union Elementary,47,7465,9103,FALSE
Merced City Elementary,85,8824,11062,FALSE
Merced River Union Elementary,83,10172,11985,FALSE
Merced Scholars Charter,71,9226,11511,TRUE
Merced Union High,78,9988,12371,FALSE
Meridian Elementary,78,10064,11897,FALSE
Mesa Union Elementary,41,7493,9068,FALSE
Method,26,7848,8986,FALSE
Metro Charter,67,8853,10276,TRUE
Middletown Unified,53,8168,9782,FALSE
Mill Valley Elementary,7,6999,8395,FALSE
Millbrae Elementary,39,7381,8909,FALSE
Millennium Charter,24,8455,10165,TRUE
Millennium Charter High,11,8536,9910,TRUE
Millville Elementary,43,7742,9246,FALSE
Milpitas Unified,49,8096,9662,FALSE
Minarets Charter High,33,8581,10324,TRUE
Mirus Secondary,81,9619,12034,FALSE
Mission Preparatory,90,8583,10780,FALSE
Mission Union Elementary,19,7760,8634,FALSE
Mission View Public,85,10026,12668,FALSE
MIT Academy,58,8968,10976,TRUE
Miwok Valley Language Academy Charter,78,8027,9794,TRUE
Modesto City Elementary,88,8997,11224,FALSE
Modesto City High,64,9308,11443,FALSE
Modoc Joint Unified,62,9321,10606,FALSE
Mojave River Academy,76,9488,11846,TRUE
Mojave Unified,81,9348,11523,FALSE
Monarch Learning Center,66,8038,9661,FALSE
Monroe Elementary,90,9047,11290,FALSE
Monroe Middle,63,7740,9407,FALSE
Monrovia Unified,62,8418,10216,FALSE
Monsenor Oscar Romero Charter Middle,98,8735,10823,TRUE
Monson-Sultana Joint Union Elementary,88,9043,11263,FALSE
Montague Charter Academy,96,9216,11204,TRUE
Montague Elementary,78,8765,10756,FALSE
Montebello Unified,90,9539,11883,FALSE
Monterey Bay Charter,34,7461,8946,TRUE
Monterey County Home Charter,66,8812,10843,TRUE
Monterey Peninsula Unified,70,8864,10736,FALSE
Moorpark Unified,36,7950,9579,FALSE
Moraga Elementary,4,7019,8336,FALSE
Moreland,46,7540,9120,FALSE
Moreno Valley Community Learning Center,92,9913,12236,FALSE
Moreno Valley Unified,84,9165,11533,FALSE
Morgan Hill Unified,44,7994,9670,FALSE
Morongo Unified,67,8668,10634,FALSE
Morrice Schaefer Charter,62,7705,9369,TRUE
Morris E. Dailey Charter Elementary,43,7581,9154,TRUE
Mosaica Online Academy of Los Angeles,66,8184,9800,TRUE
Mosaica Online Academy of Southern California,64,8079,9709,TRUE
Mother Lode Union Elementary,58,8110,9755,FALSE
Mountain Elementary,5,8447,8398,FALSE
Mountain Empire Unified,72,9278,11217,FALSE
Mountain Home Charter (Alternative),31,7263,8804,TRUE
Mountain Oaks,56,8081,9883,FALSE
Mountain Union Elementary,90,11759,13519,FALSE
Mountain Valley Unified,78,11995,13807,FALSE
Mountain View Elementary,97,9319,11729,FALSE
Mountain View Elementary,69,8068,9975,FALSE
Mountain View Montessori Charter,61,8047,9682,TRUE
Mountain View Whisman,49,7661,9239,FALSE
Mt. Baldy Joint Elementary,14,7940,8815,FALSE
Mt. Diablo Unified,50,8049,9638,FALSE
Mt. Lassen Charter,45,7997,9633,TRUE
Mt. Pleasant Elementary,83,8967,11025,FALSE
Mt. Shasta Union Elementary,44,7715,9199,FALSE
Mueller Charter (Robert L.),92,8383,10151,TRUE
Muir Charter,92,10667,13298,TRUE
Mulberry Elementary,52,8751,10204,FALSE
Multicultural Learning Center,63,8071,9713,FALSE
Mupu Elementary,51,8311,9117,FALSE
Muroc Joint Unified,29,8069,9635,FALSE
Murrieta Valley Unified,34,7713,9380,FALSE
Museum,25,7215,8676,FALSE
N.E.W. Academy Canoga Park,97,9129,11211,TRUE
N.E.W. Academy of Science and Arts,100,9160,11284,TRUE
Napa Valley Language Academy,56,7652,9255,TRUE
Napa Valley Unified,50,8047,9751,FALSE
National Elementary,88,8999,11168,FALSE
National University Academy,53,8081,9575,TRUE
National University Academy - Orange Center,86,10392,12896,TRUE
"National University Academy, Armona",96,10664,13436,TRUE
Natomas Charter,30,7619,9174,TRUE
Natomas Pacific Pathways Prep,45,8700,10558,FALSE
Natomas Pacific Pathways Prep Middle,43,7353,8775,FALSE
Natomas Unified,64,8365,10229,FALSE
Nea Community Learning Center,36,7650,9217,FALSE
Needles Unified,72,9185,11147,FALSE
Nestle Avenue Charter,54,7631,9313,TRUE
Nestor Language Academy Charter,79,8551,10589,TRUE
Nevada City Charter,33,7314,8815,TRUE
Nevada City School of the Arts,50,7538,9077,FALSE
Nevada Joint Union High,35,8967,10675,FALSE
New City,84,8617,10325,FALSE
New Day Academy,52,7881,9598,TRUE
New Designs Charter,96,9503,11769,TRUE
New Designs Charter School-Watts,95,9299,11635,TRUE
New Haven Unified,54,8079,9735,FALSE
New Heights Charter,98,8884,11087,TRUE
New Hope Elementary,96,9446,11719,FALSE
new Horizons Charter Academy,83,9312,10975,TRUE
New Jerusalem,62,7777,9516,FALSE
New Joseph Bonnheim (NJB) Community Charter,91,8749,10576,TRUE
New Los Angeles Charter,80,8368,10373,TRUE
New Millennium Secondary,79,9946,12371,FALSE
New Opportunities Charter,16,8814,10007,TRUE
New Spirit Charter Academy,88,8908,11234,TRUE
New Technology High,70,9576,11796,FALSE
New Village Girls Academy,97,10413,12952,TRUE
New Vision Middle,88,8791,10899,FALSE
New West Charter,23,7540,9110,TRUE
Newark Unified,58,8383,10035,FALSE
Newcastle Charter,16,7118,8573,TRUE
Newcastle Elementary,35,8050,9151,FALSE
Newhall,45,7597,9137,FALSE
Newman-Crows Landing Unified,73,8687,10827,FALSE
Nightingale Charter,93,8897,11223,TRUE
Nord Country,60,7892,9340,FALSE
Norris Elementary,20,7162,8664,FALSE
North County Joint Union Elementary,44,7583,9156,FALSE
North County Trade Tech High,60,9167,11085,FALSE
North Cow Creek Elementary,30,7382,8790,FALSE
North Monterey County Unified,83,9508,11701,FALSE
North Oakland Community Charter,24,7287,8646,TRUE
North Valley Military Institute College Preparatory Academy,85,9280,11414,TRUE
North Woods Discovery,60,7819,9435,FALSE
Northcoast Preparatory and Performing Arts Academy,39,8656,10449,TRUE
Northern Humboldt Union High,33,8907,10514,FALSE
Northwest Prep Charter,62,8623,10316,TRUE
Norton Space and Aeronautics Academy,74,8493,10369,TRUE
Norwalk-La Mirada Unified,73,8962,10990,FALSE
Nova Academy,86,10253,12885,TRUE
NOVA Academy - Coachella,87,10272,12915,TRUE
Novato Charter,3,7021,8356,TRUE
Novato Unified,39,7934,9541,FALSE
Nuestro Elementary,45,7850,9094,FALSE
Nueva Vista Language Academy,97,9276,11593,TRUE
Nuview Bridge Early College High,65,9276,11471,FALSE
Nuview Union Elementary,81,8740,10891,FALSE
Oak Grove Elementary,55,7943,9543,FALSE
Oak Grove Elementary/Willowside Middle,26,7179,8623,FALSE
Oak Park Preparatory Academy,85,8355,10210,TRUE
Oak Park Unified,9,7382,8922,FALSE
Oak Run Elementary,80,13044,14948,FALSE
Oak Valley Union Elementary,83,8792,11002,FALSE
Oak View Union Elementary,50,7827,9306,FALSE
Oakdale Charter High,17,8360,10022,TRUE
Oakdale Joint Unified,44,8067,9639,FALSE
Oakland Charter Academy,90,8430,10466,TRUE
Oakland Charter High,83,9918,12429,TRUE
"Oakland Military Institute, College Preparatory Academy",80,9182,11407,TRUE
Oakland School for the Arts,12,7724,9201,FALSE
Oakland Unified,78,9450,11446,FALSE
Oakland Unity High,85,10017,12463,FALSE
Oakley Union Elementary,51,7552,9167,FALSE
Oasis Charter Public,70,8373,10235,TRUE
Ocean Charter,21,7267,8662,TRUE
Ocean Grove Charter,19,7340,8827,TRUE
Ocean View,88,9031,11275,FALSE
Ocean View Elementary,45,7630,9183,FALSE
Oceanside Unified,68,8623,10620,FALSE
OCSA,11,7984,9568,FALSE
Odyssey Charter,26,7285,8707,TRUE
Ojai Unified,49,8119,9827,FALSE
Old Adobe Elementary Charter,31,7279,8784,TRUE
Old Town Academy K-8 Charter,17,7155,8561,TRUE
Olive Grove,29,8174,9839,FALSE
Olivet Elementary Charter,55,7588,9228,TRUE
one.Charter,88,11015,12996,TRUE
Ontario-Montclair,89,9016,11274,FALSE
Open Charter Magnet,17,7168,8657,TRUE
Opportunities for Learning - Baldwin Park,78,9848,12263,FALSE
Opportunities for Learning - Baldwin Park II,87,10185,12840,FALSE
Opportunities for Learning - Capistrano,54,8837,10726,FALSE
Opportunities for Learning - Duarte,81,9951,12231,FALSE
Opportunities for Learning - Fresno,95,10591,13224,FALSE
Opportunities for Learning - Santa Clarita,72,9457,11772,FALSE
Optimist Charter,100,10613,13013,TRUE
Options for Youth San Gabriel,77,9715,12104,FALSE
Options for Youth-Burbank Charter,76,9763,12124,TRUE
Options for Youth-San Bernardino,87,10162,12832,FALSE
Options for Youth-San Juan,72,9517,11788,FALSE
Options for Youth-Victorville Charter,81,9874,12358,TRUE
Orange Center,94,9385,11734,FALSE
Orange County Conservation Corps Charter,85,9265,11339,TRUE
Orange County Educational Arts Academy,83,8786,10830,TRUE
Orange Unified,50,8046,9798,FALSE
Orchard Elementary,70,8321,10153,FALSE
Orchard View,9,7559,9046,FALSE
Orcutt Academy Charter,30,8269,9955,TRUE
Orcutt Union Elementary,46,7657,9177,FALSE
Orinda Union Elementary,1,6987,8292,FALSE
Orland Joint Unified,81,9200,11442,FALSE
Oro Grande Elementary,95,10153,11869,FALSE
Oroville City Elementary,80,8765,10869,FALSE
Oroville Union High,69,9939,11934,FALSE
Oscar De La Hoya Animo Charter High,96,10343,12931,TRUE
Our Community Charter,34,7404,8818,TRUE
Outside Creek Elementary,77,8664,10721,FALSE
Oxford Preparatory Academy,30,7431,8855,TRUE
Oxford Preparatory Academy - Chino Valley,28,7291,8752,TRUE
Oxford Preparatory Academy - South Orange County,11,7107,8487,TRUE
Oxnard,89,9006,11286,FALSE
Oxnard Union High,68,9526,11699,FALSE
Pacheco Union Elementary,58,8137,9800,FALSE
Pacific Coast Charter,41,8235,9940,TRUE
Pacific Collegiate Charter,8,7805,9272,TRUE
Pacific Community Charter,62,8161,9817,TRUE
Pacific Elementary,38,8235,8999,FALSE
Pacific Law Academy,80,9919,12435,TRUE
Pacific Union Elementary,53,7732,9339,FALSE
Pacific Union Elementary,89,9354,11615,FALSE
Pacific View Charter,57,8740,10642,TRUE
Pacific View Charter,85,9880,12431,TRUE
Pacifica,26,7365,8821,FALSE
Pacoima Charter Elementary,90,9059,11080,TRUE
Pajaro Valley Unified,80,9246,11349,FALSE
Palermo Union Elementary,84,8970,11099,FALSE
Palisades Charter Elementary,7,7059,8500,TRUE
Palisades Charter High,33,8586,10325,TRUE
Palm Desert Charter Middle,50,7347,8870,TRUE
Palm Springs Unified,89,9386,11858,FALSE
Palmdale Aerospace Academy,77,8975,11211,TRUE
Palmdale Elementary,87,8821,11133,FALSE
Palo Verde Unified,74,8913,11030,FALSE
Palo Verde Union Elementary,92,9427,11565,FALSE
Palos Verdes Peninsula Unified,10,7482,8995,FALSE
Panama Buena Vista Union Elementary,66,8133,9832,FALSE
Panoche Elementary,80,26690,30883,FALSE
Para Los Ninos - Evelyn Thurman Gratts Primary,99,9249,11545,FALSE
Para Los Ninos Charter,98,9113,11269,TRUE
Para Los Ninos Middle,97,8652,10771,FALSE
Paradise Charter,57,7728,9294,TRUE
Paradise Charter Middle,33,7158,8602,TRUE
Paradise eLearning Academy,78,9470,11746,TRUE
Paradise Elementary,58,8684,9773,FALSE
Paradise Unified,66,8730,10664,FALSE
Paragon Collegiate Academy,73,8293,10303,TRUE
Paramount Academy,89,9546,12010,TRUE
Paramount Unified,94,9630,12177,FALSE
Parlier Unified,99,9840,12411,FALSE
Partnerships for Student-Centered Learning,58,8321,10128,FALSE
Pasadena Rosebud Academy,41,7554,9012,TRUE
Pasadena Rosebud Academy Middle,46,7605,8901,TRUE
Pasadena Unified,70,8900,10894,FALSE
Paso Robles Joint Unified,53,8157,9812,FALSE
Pathways Charter,48,7936,9642,TRUE
Pathways Community,98,10623,12979,FALSE
Pathways to College,89,8518,10607,FALSE
Patterson Joint Unified,73,8713,10885,FALSE
Paul Revere Middle,26,7123,8499,FALSE
Peabody Charter,46,7665,9058,TRUE
Peninsula Union Elementary,98,11764,14128,FALSE
Penn Valley Union Elementary,53,8068,9486,FALSE
Penngrove Elementary,27,7705,8765,FALSE
Perris Elementary,93,9285,11537,FALSE
Perris Union High,73,9575,11817,FALSE
Petaluma City Elementary,46,7804,9231,FALSE
Petaluma Joint Union High,37,8568,10042,FALSE
Phoenix Academy,50,8558,10663,TRUE
Piedmont City Unified,3,7380,8769,FALSE
Pierce Joint Unified,72,8943,10912,FALSE
Piner-Olivet Charter,44,7417,8867,TRUE
Piner-Olivet Union Elementary,49,8441,9292,FALSE
Pioneer Technical Center,95,10431,13031,FALSE
Pioneer Union Elementary,37,7521,8969,FALSE
Pioneer Union Elementary,61,8975,10714,FALSE
Pioneer Union Elementary,98,11058,12677,FALSE
Pittman Charter,93,8895,11250,TRUE
Pittsburg Unified,84,9238,11506,FALSE
Pivot Charter School - San Diego,30,8204,9749,TRUE
Pivot Charter School North Valley,57,8714,10478,TRUE
Pivot Charter School Riverside County,38,8287,9809,TRUE
Pivot Online Charter - North Bay,52,8561,10322,TRUE
Pixley Union Elementary,97,9432,11847,FALSE
Placentia-Yorba Linda Unified,39,7876,9491,FALSE
Placer County Pathways Charter,9,7182,8409,TRUE
Placer Hills Union Elementary,37,8330,9714,FALSE
Placer Union High,26,8685,10195,FALSE
Placerville Union Elementary,57,7963,9580,FALSE
Plainsburg Union Elementary,53,8199,9550,FALSE
Plainview Academic Charter Academy,83,8723,10961,TRUE
Planada Elementary,94,9279,11602,FALSE
Plaza Elementary,31,7525,8986,FALSE
Pleasant Grove Joint Union Elementary,40,7708,9133,FALSE
Pleasant Ridge Union Elementary,31,7822,9221,FALSE
Pleasant Valley Elementary,30,7414,8886,FALSE
Pleasant Valley Joint Union Elementary,54,7700,9229,FALSE
Pleasant View Elementary,99,9715,11986,FALSE
Pleasanton Unified,12,7818,8994,FALSE
Plumas Charter,67,8120,9877,TRUE
Plumas Lake Elementary,39,7836,8990,FALSE
Pollock Pines Elementary,52,8220,9666,FALSE
Pomelo Community Charter,17,7172,8670,TRUE
Pomona Unified,85,9361,11542,FALSE
Pond Union Elementary,96,10276,12519,FALSE
Port of Los Angeles High,54,8845,10747,FALSE
Porterville Unified,86,9610,11859,FALSE
Potter Valley Community Unified,73,11183,13018,FALSE
Poway Unified,23,7657,9231,FALSE
PREPA TEC - Los Angeles,96,9181,10752,FALSE
Preuss School UCSD,95,8965,11073,FALSE
Price Charter Middle,24,7087,8456,TRUE
Primary Charter,26,7574,8910,TRUE
Princeton Joint Unified,73,11822,13838,FALSE
Provisional Accelerated Learning Academy,94,10570,13366,TRUE
Public Safety Academy,78,9149,11353,TRUE
PUC CA Academy for Liberal Studies Early College High,86,10229,12746,TRUE
PUC California Academy for Liberal Studies,85,8546,10619,TRUE
PUC Community Charter Elementary,80,9476,11066,TRUE
PUC Community Charter Middle,75,8878,11198,TRUE
PUC Early College Academy for Leaders and Scholars (ECALS),73,9738,12010,TRUE
PUC Excel Charter Academy,99,8695,10821,TRUE
PUC Inspire Charter Academy,86,9083,10409,TRUE
PUC Lakeview Charter Academy,87,8543,10634,TRUE
PUC Lakeview Charter High,84,10119,12697,TRUE
PUC Milagro Charter,89,8944,11063,TRUE
PUC Nueva Esperanza Charter Academy,83,8539,10535,TRUE
PUC Santa Rosa Charter Academy,92,8729,10765,TRUE
PUC Triumph Academy,84,8539,10595,TRUE
PUC Triumph Charter High,84,10152,12710,TRUE
Puente Charter,100,9490,11561,TRUE
Quail Lake Environmental Charter,27,7242,8770,TRUE
RAI Online Charter,60,8252,10079,TRUE
Raisin City Elementary,99,9822,12179,FALSE
Ralph A. Gates Elementary,68,7817,9480,FALSE
Ramona City Unified,45,8024,9728,FALSE
Ravenswood City Elementary,97,9372,11738,FALSE
Raymond-Knowles Union Elementary,52,9415,10269,FALSE
REACH,47,7438,9005,FALSE
REACH Leadership Academy,53,7720,9459,TRUE
REALM Charter High,78,9174,11210,TRUE
REALM Charter Middle,75,7684,9288,TRUE
Red Bluff Joint Union High,61,9432,11428,FALSE
Red Bluff Union Elementary,81,8793,10873,FALSE
Redding Elementary,62,7950,9689,FALSE
Redding School of the Arts II,29,7329,8771,FALSE
Redlands Unified,60,8278,10097,FALSE
Redondo Beach Unified,24,7815,9142,FALSE
Redwood Academy of Ukiah,50,8448,10200,TRUE
Redwood City Elementary,69,8771,10623,FALSE
Redwood Coast Montessori,47,7721,9131,FALSE
Redwood Preparatory Charter,26,7255,8719,TRUE
Reedley Middle College High,84,10027,12708,FALSE
Reeds Creek Elementary,60,8082,9708,FALSE
Reef-Sunset Unified,95,9650,12074,FALSE
Renaissance Arts Academy,65,8501,10439,TRUE
Rescue Union Elementary,15,7217,8649,FALSE
Rialto Unified,83,9126,11471,FALSE
Richfield Elementary,65,8108,9897,FALSE
Richgrove Elementary,100,13013,15432,FALSE
Richland Union Elementary,91,9086,11371,FALSE
Richmond Charter Academy,89,8410,10334,TRUE
Richmond Charter Elementary-Benito Juarez,93,8965,11074,TRUE
Richmond College Preparatory,76,8478,10430,FALSE
Richmond Elementary,9,7091,8455,FALSE
Ridgecrest Charter,57,7700,9313,TRUE
Rim of the World Unified,57,8509,10249,FALSE
Rincon Valley Charter,31,7268,8677,TRUE
Rincon Valley Union Elementary,27,8399,9158,FALSE
Rio Bravo-Greeley Union Elementary,48,7686,9264,FALSE
Rio Dell Elementary,77,8508,10489,FALSE
Rio Elementary,83,8693,10911,FALSE
Rio Valley Charter,66,8870,10907,TRUE
Ripon Unified,39,7790,9443,FALSE
Rise Kohyang Middle,91,8578,10694,FALSE
Rising Sun Montessori,5,7523,8449,FALSE
River Charter,25,7112,8486,TRUE
River Delta Joint Unified,59,8734,10424,FALSE
River Islands Technology Academy,53,7711,9138,TRUE
River Montessori Elementary Charter,24,7263,8742,TRUE
River Oak Charter,53,7682,9168,TRUE
River Oaks Academy,22,7482,8983,TRUE
River Springs Charter,47,7677,9334,TRUE
River Valley Charter,5,7858,9383,TRUE
Riverbank Language Academy,79,8611,10602,TRUE
Riverbank Unified,86,9670,11745,FALSE
Riverdale Joint Unified,87,9459,11737,FALSE
Riverside County Education Academy,89,10187,12829,TRUE
Riverside Drive Charter Elementary,40,7463,9089,TRUE
Riverside Preparatory,62,8239,10101,FALSE
Riverside Unified,66,8522,10468,FALSE
Robert A. Millikan Middle,40,7274,8719,FALSE
Roberts Ferry Charter School Academy,44,7744,8873,TRUE
Roberts Ferry Union Elementary,54,9394,9422,FALSE
Robla Elementary,93,9189,11566,FALSE
Rocketship Academy Brilliant Minds,91,9193,11518,TRUE
Rocketship Alma Academy,93,8255,10068,TRUE
Rocketship Discovery Prep,93,8152,9985,FALSE
Rocketship Fuerza Community Prep,92,9342,11542,FALSE
Rocketship Los Suenos Academy,93,9103,11426,TRUE
Rocketship Mateo Sheedy Elementary,90,8218,9920,FALSE
Rocketship Mosaic Elementary,94,9049,11387,FALSE
Rocketship Si Se Puede Academy,94,9118,11473,TRUE
Rocketship Spark Academy,91,9176,11453,TRUE
Rockford Elementary,53,7626,9274,FALSE
Rocklin Academy,11,7154,8458,TRUE
Rocklin Academy at Meyers Street,13,7200,8504,TRUE
Rocklin Academy Gateway,15,7556,8617,TRUE
Rocklin Independent Charter Academy,36,8159,10094,TRUE
Rocklin Unified,21,7562,9150,FALSE
Rocky Point Charter,58,7841,9505,TRUE
Rolling Hills Middle,21,7045,8397,FALSE
Romoland Elementary,75,8303,10403,FALSE
Rosedale Union Elementary,27,7297,8791,FALSE
Roseland,95,9241,11531,FALSE
Roseland Charter,93,9766,12300,TRUE
Rosemary Elementary,95,8832,10968,FALSE
Rosemead Elementary,89,8923,11222,FALSE
Roseville City Elementary,35,7375,8917,FALSE
Roseville Joint Union High,30,8523,10329,FALSE
Ross Valley Elementary,12,7196,8516,FALSE
Round Valley Unified,94,11643,13838,FALSE
Rowland Heights Charter Academy,70,8390,10083,TRUE
Rowland Unified,73,8968,10967,FALSE
Sacramento Charter High,73,9627,11912,TRUE
Sacramento City Unified,71,8876,10774,FALSE
Sacramento Valley Charter,35,7378,8926,TRUE
Saddleback Valley Unified,30,7854,9409,FALSE
Salida Union Elementary,72,8351,10252,FALSE
Salinas City Elementary,86,8908,11150,FALSE
Salinas Union High,71,9426,11331,FALSE
Salmon Creek School - A Charter,51,7415,8995,TRUE
San Antonio Union Elementary,53,9190,9519,FALSE
San Ardo Union Elementary,98,9346,11802,FALSE
San Benito High,50,8786,10703,FALSE
San Bernardino City Unified,93,9933,12370,FALSE
San Bruno Park Elementary,53,7407,9181,FALSE
San Carlos Charter Learning Center,4,7139,8377,TRUE
San Diego Cooperative Charter,30,7366,8761,TRUE
San Diego Cooperative Charter School 2,42,7958,9276,TRUE
San Diego Global Vision Academy,72,8128,10019,TRUE
San Diego Global Vision Academy Middle,72,7845,9570,TRUE
San Diego Neighborhood Homeschools,59,8173,9978,FALSE
San Diego Unified,63,9004,10843,FALSE
San Diego Virtual,62,9030,11071,FALSE
San Francisco Flex Academy,51,8824,10673,TRUE
San Francisco Unified,69,9344,11340,FALSE
San Gabriel Unified,64,8378,10300,FALSE
San Jacinto Unified,83,9014,11381,FALSE
San Jacinto Valley Academy,54,7761,9430,TRUE
San Joaquin Building Futures Academy,88,10327,13026,TRUE
San Jose Charter Academy,48,7457,9070,TRUE
San Jose Conservation Corps Charter,92,10639,13060,TRUE
San Jose Unified,49,9037,10645,FALSE
San Juan Choices Charter,46,8492,10310,TRUE
San Juan Unified,52,8169,9817,FALSE
San Leandro Unified,68,8584,10505,FALSE
San Lorenzo Unified,72,8846,10854,FALSE
San Lorenzo Valley Unified,22,7894,9351,FALSE
San Lucas Union Elementary,88,11692,12971,FALSE
San Marcos Unified,47,7833,9545,FALSE
San Marino Unified,15,7551,9122,FALSE
San Mateo-Foster City,40,7452,9004,FALSE
San Miguel Elementary,35,7376,8921,FALSE
San Miguel Joint Union Elementary,71,8468,10296,FALSE
San Pasqual Union Elementary,21,7315,8681,FALSE
San Pasqual Valley Unified,95,10883,13059,FALSE
San Rafael City Elementary,67,8145,9969,FALSE
San Ramon Valley Unified,8,7390,8908,FALSE
San Ysidro Elementary,87,8866,11093,FALSE
Sanger Academy Charter,75,8290,10404,TRUE
Sanger Unified,82,9221,11439,FALSE
Santa Ana Unified,94,9564,12072,FALSE
Santa Barbara Charter,23,7210,8725,TRUE
Santa Barbara Unified,54,8503,9986,FALSE
Santa Clara Elementary,23,8190,8715,FALSE
Santa Clarita Valley International,26,7538,9048,FALSE
Santa Cruz City High,41,8829,10329,FALSE
Santa Maria Joint Union High,74,9757,12111,FALSE
Santa Maria-Bonita Elementary,92,9072,11408,FALSE
Santa Monica Boulevard Community Charter,98,9129,11173,TRUE
Santa Monica-Malibu Unified,30,7800,9371,FALSE
Santa Paula Unified,88,9573,11874,FALSE
Santa Rita Union Elementary,79,8535,10650,FALSE
Santa Rosa Academy,23,7546,9088,TRUE
Santa Rosa Accelerated Charter,6,6842,8016,TRUE
Santa Rosa Charter,21,7326,8610,TRUE
Santa Rosa Charter School for the Arts,33,7317,8836,TRUE
Santa Rosa Elementary,78,8813,10751,FALSE
Santa Rosa French-American Charter (SRFACS),31,7411,8969,TRUE
Santa Rosa High,50,8620,10324,FALSE
Santa Ynez Valley Charter,21,7288,8587,TRUE
Santee,42,7577,9140,FALSE
Santiago Middle,63,7669,9185,FALSE
Sartorette Charter,31,7326,8876,TRUE
Saucelito Elementary,83,9695,10797,FALSE
Saugus Union,27,7356,8839,FALSE
SAVA: Sacramento Academic and Vocational Academy,87,10251,12846,TRUE
Savanna Elementary,79,8619,10722,FALSE
SCALE Leadership Academy,57,7736,8998,TRUE
School of Arts and Enterprise,79,9576,11673,FALSE
School of Extended Educational Options,81,9997,12426,FALSE
School of Unlimited Learning,96,10774,13128,FALSE
Science & Technology Academy at Knights Landing,53,7635,9263,TRUE
Scotia Union Elementary,66,8165,9981,FALSE
Scott Valley Unified,68,10461,11313,FALSE
Scotts Valley Unified,12,7445,8988,FALSE
Sebastopol Independent Charter,29,7337,8773,TRUE
Sebastopol Union Elementary,48,7743,9106,FALSE
Seeley Union Elementary,90,9294,11494,FALSE
Seiad Elementary,85,14127,16753,FALSE
Selma Unified,84,9266,11519,FALSE
Semitropic Elementary,95,9959,12482,FALSE
Sequoia Union Elementary,39,7674,9139,FALSE
Serrania Avenue Charter For Enriched Studies,35,7379,8966,TRUE
Shaffer Union Elementary,67,8564,10424,FALSE
Shandon Joint Unified,78,11222,13334,FALSE
Shasta Charter Academy,32,8482,10239,TRUE
Shasta Union Elementary,40,7717,9293,FALSE
Shasta Union High,41,9010,10633,FALSE
Shenandoah Valley,29,7307,8602,FALSE
Sherman Oaks Elementary,81,8562,10616,FALSE
Sherman Oaks Elementary Charter,27,7314,8872,TRUE
Sherman Thomas Charter,48,7638,9052,TRUE
Sherman Thomas Charter High,57,9013,10917,TRUE
Sherwood Montessori,26,7293,8769,FALSE
Shiloh Charter,86,8610,10640,TRUE
Shiloh Elementary,81,10529,11934,FALSE
SIATech,98,11091,13451,FALSE
SIATech Academy South,81,10334,12497,TRUE
Sierra Academy of Expeditionary Learning,28,8665,10230,TRUE
Sierra Charter,80,9470,11812,TRUE
Sierra Expeditionary Learning,25,7252,8701,FALSE
Sierra Foothill Charter,47,7508,9088,TRUE
Sierra Montessori Academy,46,7572,9061,TRUE
Sierra Sands Unified,55,8143,9824,FALSE
Sierra Unified,44,10123,10728,FALSE
Sierra Vista Charter high,80,10017,12118,TRUE
Sierra-Plumas Joint Unified,47,11755,13456,FALSE
Silicon Valley Flex Academy,17,7601,9043,TRUE
Silver Oak High Public Montessori Charter,62,9144,11208,TRUE
Silver Valley Unified,54,8287,9912,FALSE
Simi Valley Unified,33,7938,9449,FALSE
Siskiyou Union High,47,11255,12931,FALSE
Six Rivers Charter High,39,8637,10442,TRUE
Sixth Grade Charter Academy at Petaluma Jr. High,24,7033,8300,TRUE
Sixth Street Prep,83,8893,10927,FALSE
Sky Mountain Charter,20,7247,8727,TRUE
SLVUSD Charter,10,7327,8766,TRUE
Smythe Academy of Arts and Sciences,93,8935,11153,TRUE
Snelling-Merced Falls Union Elementary,84,9675,11555,FALSE
Snowline Joint Unified,62,8330,10261,FALSE
SOAR Charter Academy,76,8424,10365,TRUE
Sol Aureus College Preparatory,73,8258,10274,FALSE
Soledad Enrichment Action Charter High,92,10537,12861,TRUE
Soledad Unified,93,9620,12057,FALSE
Solvang Elementary,59,8048,9497,FALSE
Somis Union Elementary,71,8333,10343,FALSE
Sonoma Charter,34,7476,8842,TRUE
Sonoma Mountain Elementary,24,7206,8675,FALSE
Sonora Elementary,47,7889,9386,FALSE
Sonora Union High,43,9411,11101,FALSE
Soquel Union Elementary,37,7512,9001,FALSE
Soulsbyville Elementary,48,7822,9313,FALSE
South Bay Charter,62,7827,9470,TRUE
South Bay Union,85,9000,11076,FALSE
South Bay Union Elementary,68,8418,10181,FALSE
South Fork Union,80,9013,11029,FALSE
South Monterey County Joint Union High,86,10499,13044,FALSE
South Pasadena Unified,21,7610,9162,FALSE
South Sutter Charter,35,7646,9221,TRUE
South Whittier Elementary,92,9059,11443,FALSE
Southern California Online Academy,32,7996,9661,TRUE
Southern Humboldt Joint Unified,52,10168,11468,FALSE
Southern Kern Unified,90,9457,11967,FALSE
Southern Trinity Joint Unified,80,18822,21395,FALSE
Southside Elementary,37,7386,8846,FALSE
Spreckels Union Elementary,19,7366,8802,FALSE
Spring Creek Matanzas Charter,46,7500,9110,TRUE
Springville Union Elementary,42,8083,9551,FALSE
Squaw Valley Preparatory,31,7759,9456,FALSE
St. HOPE Public School 7,82,8320,10260,FALSE
Standard Elementary,76,8746,10474,FALSE
Stanislaus Alternative Charter,95,9890,12377,TRUE
Stanislaus Union Elementary,70,8214,10178,FALSE
Steele Canyon High,27,8500,10211,FALSE
Stella Middle Charter Academy,98,8762,10776,TRUE
Stellar Charter,56,7583,9234,TRUE
Stellar Secondary Charter High,45,8717,10566,TRUE
Stephen W. Hawking Charter,77,8098,10045,TRUE
"Stephen W. Hawkings II Science, Technology, Engineering, Art and Math Charter",92,8679,10282,TRUE
Stockton Collegiate International Elementary,70,8151,10141,FALSE
Stockton Collegiate International Secondary,56,8128,9871,FALSE
Stockton Unified,88,9622,11908,FALSE
Stockton Unified Early College Academy,69,9444,11696,TRUE
Stone Bridge,16,7259,8555,FALSE
Stone Corral Elementary,98,9720,11938,FALSE
Stony Creek Joint Unified,82,16357,18510,FALSE
Stony Point Academy,89,8942,10981,TRUE
Strathmore Union Elementary,96,9391,11765,FALSE
Student Empowerment Academy,97,10543,12958,TRUE
Success One!,72,9379,11767,FALSE
Sulphur Springs Union,56,7803,9433,FALSE
Summerville Elementary,50,7805,9291,FALSE
Summerville Union High,24,12571,14543,FALSE
Summit Charter Academy,67,8187,10103,TRUE
Summit Leadership Academy-High Desert,75,9609,12072,TRUE
Summit Preparatory Charter High,50,8812,10668,TRUE
Summit Public School K2,66,8115,9655,FALSE
Summit Public School: Denali,31,7268,8545,FALSE
Summit Public School: Rainier,51,8821,10684,FALSE
Summit Public School: Shasta,31,8494,10302,FALSE
Summit Public School: Tahoma,50,8809,10669,FALSE
Sundale Union Elementary,46,7612,9189,FALSE
Sunnyside Union Elementary,87,9241,11396,FALSE
Sunol Glen Unified,12,8315,8693,FALSE
Sunridge Charter,19,7251,8623,TRUE
Sunrise Middle,100,8015,9698,FALSE
Superior Street Elementary,50,7542,9203,FALSE
Surprise Valley Joint Unified,69,14117,15908,FALSE
Susanville Elementary,58,7920,9555,FALSE
Sutter Union High,30,8709,10416,FALSE
Sweetwater Union High,61,8957,10707,FALSE
Sycamore Academy of Science and Cultural Arts,35,7361,8886,TRUE
Sycamore Valley Academy,32,7337,8850,TRUE
Sylvan Union Elementary,55,7597,9248,FALSE
Synergy,77,8644,10839,FALSE
Synergy Charter Academy,94,8940,11142,TRUE
Synergy Kinetic Academy,95,8704,10759,TRUE
Synergy Quantum Academy,96,10344,12945,TRUE
Taft City,84,9006,11109,FALSE
Taft T. Newman Leadership Academy,93,9110,11544,TRUE
Taylion High Desert Academy/Adelanto,70,9280,11397,TRUE
Taylion San Diego Academy,73,9212,11764,TRUE
TEACH Academy of Technologies,96,8679,10754,TRUE
TEACH Tech Charter high,90,10522,12811,TRUE
TEAM Charter,92,9057,11499,TRUE
Tehachapi Unified,41,7978,9634,FALSE
Tehama eLearning Academy,71,9338,11546,TRUE
Temecula Preparatory,10,7418,8844,FALSE
Temecula Valley Charter,22,7241,8648,TRUE
Temecula Valley Unified,24,7585,9183,FALSE
Temple City Unified,50,8004,9755,FALSE
Templeton Unified,20,7675,9195,FALSE
Terra Bella Union Elementary,100,9567,11999,FALSE
The Academy,75,9582,12148,TRUE
The Academy of Alameda,48,7420,8849,TRUE
The Education Corps,100,10610,13003,FALSE
The Heights Charter,17,7125,8531,TRUE
The Language Academy of Sacramento,79,8469,10336,TRUE
The MET,54,8847,10747,FALSE
The O'Farrell Charter,85,8467,10335,TRUE
Thermalito Union Elementary,87,9125,11303,FALSE
Three Rivers Charter,57,7814,9489,TRUE
Three Rivers Union Elementary,43,7648,9165,FALSE
Thrive Public School,58,8096,9400,FALSE
Tierra Linda Middle,11,6908,8198,FALSE
Tierra Pacifica Charter,19,7248,8586,TRUE
Tipton Elementary,98,9802,11915,FALSE
Today's Fresh Start Charter,97,9255,11385,TRUE
Today's Fresh Start Charter School Inglewood,92,8974,11313,TRUE
Topanga Learn-Charter Elementary,5,7070,8514,TRUE
Topeka Charter School For Advanced Studies,42,7492,9136,TRUE
Torrance Unified,37,8152,9524,FALSE
Tracy Joint Unified,55,8179,9863,FALSE
Traver Joint Elementary,96,9559,11963,FALSE
Travis Unified,34,7748,9421,FALSE
Tree of Life Charter,52,7743,9347,TRUE
Tres Pinos Union Elementary,15,7200,8532,FALSE
Trillium Charter,80,8138,9741,TRUE
Trinidad Union Elementary,58,8171,9447,FALSE
Trinity Alps Unified,57,9398,10724,FALSE
Trivium Charter,34,7455,8983,TRUE
Trona Joint Unified,71,12042,13809,FALSE
Tulare City,81,8616,10739,FALSE
Tulare Joint Union High,73,10022,12102,FALSE
Tulelake Basin Joint Unified,80,10826,12565,FALSE
Turlock Unified,67,8585,10515,FALSE
Tustin Unified,45,7857,9565,FALSE
Twin Hills Charter Middle,21,7062,8409,TRUE
Twin Hills Union Elementary,27,7842,8821,FALSE
Twin Ridges Elementary,88,11486,13099,FALSE
Twin Ridges Home Study Charter,60,7680,9369,TRUE
Twin Rivers Charter,50,7612,9080,TRUE
Twin Rivers Unified,88,9978,12060,FALSE
Two Rock Union,49,7588,9134,FALSE
Ukiah Unified,79,9113,11235,FALSE
Uncharted Shores Academy,75,8082,9918,TRUE
Union Elementary,21,7163,8618,FALSE
Union Hill Elementary,34,7470,8916,FALSE
Union Hill Elementary,31,8178,9054,FALSE
Union Street Charter,10,7443,8551,TRUE
University Charter Middle School at CSU Channel Islands,58,7555,9146,TRUE
University High,10,8254,9889,FALSE
University Preparation School at CSU Channel Islands,60,7983,9602,FALSE
University Preparatory,15,7662,9147,FALSE
University Preparatory Academy Charter,19,7960,9530,TRUE
University Preparatory High,45,8729,10559,FALSE
Upland Unified,57,8049,9836,FALSE
Upper Lake Union Elementary,88,9151,11411,FALSE
Upper Lake Union High,94,11231,13721,FALSE
Urban Corps of San Diego County Charter,100,9673,12032,TRUE
Urban Discovery Academy Charter,28,7343,8750,TRUE
Urban Montessori Charter,42,7592,9242,TRUE
USC Hybrid High,84,10154,12709,FALSE
Vacaville Unified,40,7914,9581,FALSE
Val Verde Unified,83,9075,11440,FALSE
Valle Lindo Elementary,87,8851,11125,FALSE
Vallecitos Elementary,93,9250,11409,FALSE
Vallejo Charter,52,7451,9097,TRUE
Vallejo City Unified,78,9097,11223,FALSE
Valley Arts and Science Academy (VASA),87,9016,11137,TRUE
Valley Center-Pauma Unified,54,8277,9895,FALSE
Valley Charter Elementary,30,7341,8884,TRUE
Valley Charter High,45,8707,10562,TRUE
Valley Charter Middle,56,7479,9000,TRUE
Valley Home Joint Elementary,50,8098,9619,FALSE
Valley Life Charter,33,7407,8951,TRUE
Valley Oak Charter,13,7443,9033,TRUE
Valley Oaks Charter,31,7558,9148,TRUE
Valley Prep 6-8,69,8670,9719,FALSE
Valley Prep Academy 9-12,31,9009,10286,TRUE
Valley Prep K-5,85,9419,10970,FALSE
Valley Preparatory Academy Charter,82,8686,10871,TRUE
Valor Academy Charter,88,8497,10591,TRUE
Valor Academy Charter High,91,10500,12829,TRUE
Van Gogh Charter,25,7261,8801,TRUE
Vantage Point Charter,58,8561,10371,TRUE
Vaughn Next Century Learning Center,98,9338,11534,FALSE
Ventura Charter School of Arts and Global Education,30,7389,8831,TRUE
Ventura Unified,51,8096,9719,FALSE
Venture Academy,65,8730,10728,TRUE
Victor Elementary,86,8766,11120,FALSE
Victor Valley Union High,85,9948,12384,FALSE
View Park Preparatory Accelerated Charter,72,8352,10275,TRUE
View Park Preparatory Accelerated Charter Middle,79,8273,10308,TRUE
View Park Preparatory Accelerated High,67,9399,11604,FALSE
Village,14,7140,8622,FALSE
Village Charter,28,7507,8786,TRUE
Village Charter Academy,82,9495,11098,TRUE
Village Elementary Charter,54,7575,9204,TRUE
Vincent Academy,91,8761,11058,TRUE
Vineland Elementary,100,9490,11952,FALSE
Visalia Charter Independent Study,68,9359,11549,TRUE
Visalia Technical Early College,62,9225,11232,FALSE
Visalia Unified,67,8544,10498,FALSE
Visions In Education,52,8072,9804,FALSE
Vista Charter Middle,95,8702,10753,TRUE
Vista Oaks Charter,39,7989,9427,TRUE
Vista Real Charter High,78,9910,12343,TRUE
Vista Unified,64,8606,10481,FALSE
Vivian Banks Charter,84,8069,9829,TRUE
Voices College-Bound Language Academy,80,8559,10650,TRUE
W. E. B. DuBois Public Charter,99,9967,12431,TRUE
Walden Academy,33,7356,8874,TRUE
Wallis Annenberg High,96,10330,12937,FALSE
Walnut Creek Elementary,19,7174,8585,FALSE
Walnut Valley Unified,23,7790,9345,FALSE
Walter L. Bachrodt Elementary,72,7835,9583,FALSE
Warner Unified,83,12211,14450,FALSE
Wasco Union Elementary,92,9025,11404,FALSE
Wasco Union High,81,10664,12710,FALSE
Washington Colony Elementary,87,9001,11212,FALSE
Washington Unified,70,8624,10619,FALSE
Washington Unified,93,10475,12531,FALSE
Washington Union Elementary,8,7259,8619,FALSE
Waterford Unified,78,9228,11346,FALSE
Watsonville Charter School of the Arts,63,8087,9729,TRUE
Watts Learning Center,95,9205,11191,FALSE
Watts Learning Center Charter Middle,97,8697,10839,TRUE
Waugh Elementary,21,7302,8651,FALSE
Waukena Joint Union Elementary,86,8928,11234,FALSE
Weaver Union Elementary,90,9035,11341,FALSE
Weed Union Elementary,91,9454,11445,FALSE
Weimar Hills Charter,30,7184,8569,TRUE
Welby Way Elementary Charter,14,7107,8564,TRUE
West Contra Costa Unified,75,8949,11020,FALSE
West Covina Unified,75,8968,11053,FALSE
West Park Charter Academy,83,9823,12317,TRUE
West Park Elementary,94,9445,11803,FALSE
West Sacramento Early College Prep Charter,71,9073,11119,TRUE
West Side Union Elementary,29,7349,8911,FALSE
West Sonoma County Union High,27,8521,10207,FALSE
Westchester Secondary Charter,43,8210,9233,TRUE
Western Center Academy,25,7326,8804,TRUE
Western Placer Unified,37,7687,9322,FALSE
Western Sierra Collegiate Academy,9,7654,9121,TRUE
Westlake Charter,32,7415,8911,TRUE
Westlake Charter Middle,47,7346,8827,TRUE
Westminster,76,8517,10514,FALSE
Westmorland Union Elementary,95,9401,11704,FALSE
Westside Elementary,99,10410,12798,FALSE
Westside Innovative School House,23,7243,8725,FALSE
Westside Preparatory Charter,76,8292,10268,TRUE
Westside Union Elementary,44,7372,9036,FALSE
Westwood Charter,72,9287,11438,TRUE
Westwood Charter Elementary,13,7146,8632,TRUE
Westwood Unified,68,11218,12786,FALSE
Wheatland Charter Academy,49,7817,9267,TRUE
Wheatland Elementary,47,8158,9369,FALSE
Wheatland Union High,33,8829,10599,FALSE
White Oaks Elementary,8,7126,8613,FALSE
Whited Elementary Charter,53,7571,9203,TRUE
Whitmore Charter High,21,8413,10105,TRUE
Whitmore Charter School of Art & Technology,49,7610,9068,TRUE
Whitmore Charter School of Personalized Learning,45,7494,8966,TRUE
Whitmore Union Elementary,87,13291,15272,FALSE
Whittier City Elementary,81,8585,10854,FALSE
Whittier Union High,69,9782,11853,FALSE
Wilbur Charter For Enriched Academics,21,7239,8761,TRUE
Wilder's Preparatory Academy Charter,77,8604,10549,TRUE
Wilder's Preparatory Academy Charter Middle,74,8168,10063,TRUE
Wildflower Open Classroom,30,7354,8850,FALSE
William Finch,64,8776,10816,FALSE
William Howard Taft Charter High,60,9417,11114,TRUE
William S. Hart Union High,26,8201,9779,FALSE
Williams Unified,86,9408,11653,FALSE
Willits Charter,71,8704,10733,TRUE
Willits Elementary Charter,71,8221,10222,TRUE
Willits Unified,76,9328,11400,FALSE
Willow Creek Academy,54,7673,9230,TRUE
Willow Creek Elementary,88,10107,11813,FALSE
Willows Unified,69,8708,10635,FALSE
Wilmar Union Elementary,27,7461,8835,FALSE
Wilsona Elementary,98,9633,11941,FALSE
Windsor Unified,43,8105,9788,FALSE
Winship-Robbins Elementary,91,10290,12318,FALSE
Winters Joint Unified,70,8755,10755,FALSE
Winton,92,9152,11431,FALSE
Wisdom Academy for Young Scientists,94,9107,11194,TRUE
Wiseburn Unified,48,7615,9075,FALSE
Woodlake Elementary Community Charter,34,7384,8984,TRUE
Woodlake Unified,86,9483,11735,FALSE
Woodland Hills Elementary Charter For Enriched Studies,12,7113,8582,TRUE
Woodland Joint Unified,71,8762,10778,FALSE
Woodland Star Charter,46,7584,9090,TRUE
Woodville Elementary,98,9531,11875,FALSE
Woodward Leadership Academy,91,9037,11424,TRUE
Wright Charter,78,8536,10533,TRUE
Wright Elementary,79,8719,10661,FALSE
Xinaxcalmecac Academia Semillas del Pueblo,89,8881,10950,FALSE
Yav Pem Suab Academy - Preparing for the Future Charter,87,8484,10460,TRUE
Yosemite Unified,47,9231,10701,FALSE
Yosemite-Wawona Elementary Charter,50,7913,9329,TRUE
YouthBuild Charter School of California,90,10473,13155,TRUE
YouthBuild Charter School of California Central,99,10518,13189,TRUE
Yreka Union Elementary,67,8300,10092,FALSE
Yreka Union High,50,10250,11071,FALSE
Yu Ming Charter,21,7323,8844,TRUE
Yuba City Charter,88,8906,10932,TRUE
Yuba City Unified,70,8603,10648,FALSE
Yuba County Career Preparatory Charter,55,8713,10537,TRUE
Yuba Environmental Science Charter Academy,81,8529,10685,TRUE
Yuba River Charter,54,7645,9245,TRUE
Yucaipa-Calimesa Jt. Unified,56,8186,9895,FALSE
Campbell Union,76,9812,10835,FALSE
Academy of Arts and Sciences Los Angeles K-8,21,7592,8447,TRUE
Long Valley Charter,69,9577,10655,TRUE
Academy of Arts and Sciences San Joaquin,44,8874,9873,TRUE
Delta Charter Online,38,8799,9790,TRUE
Stream Charter,44,8086,8997,TRUE
Valley View Charter Prep,20,8108,9022,TRUE
East Bay Innovation Academy,14,7392,8224,TRUE
Elk Hills Elementary,58,8530,9476,FALSE
Cal Stem San Joaquin,23,8187,9109,FALSE
Union Hill Elementary,31,7470,8916,FALSE
Foothill Leadership Academy,13,7687,8553,TRUE
Peak to Peak Mountain Charter,29,7895,8784,TRUE
Community Preparatory Academy,18,7756,8630,TRUE
Knights Ferry Elementary,41,8787,9055,FALSE
Dunsmuir Joint Union High,66,16996,18849,FALSE
Camptonville Elementary,55,8717,9645,FALSE
Northern Summit Academy,81,10369,11537,TRUE
Renew Virtual Academy K12 #1,82,10455,11632,TRUE
Harmony Union Elementary,32,8237,9165,FALSE
Westside Innovative School House Charter Middle,52,8083,8993,TRUE
Gratton Elementary,24,9003,8573,FALSE
Spencer Valley Elementary,35,8096,9008,FALSE
Montgomery Elementary,43,9235,9266,FALSE
New Jerusalem Elementary,65,12710,13741,FALSE
Mountain House Elementary,61,9934,10899,FALSE
Cinnabar Elementary,89,13066,14242,FALSE
Indian Diggings Elementary,20,10156,10247,FALSE
McKittrick Elementary,14,8962,9832,FALSE
Trinity Center Elementary,64,8833,9817,FALSE
Orick Elementary,100,15327,16986,FALSE
Lincoln Elementary,12,7772,8635,FALSE
Klamath River Union Elementary,95,19887,21884,FALSE
Union Joint Elementary,35,8209,9115,FALSE
Dunham Elementary,24,8110,8949,FALSE
Ravendale-Termo Elementary,68,21288,23322,FALSE
