city_name,lon,lat,total_population,median_rent,median_income,median_home_value,rent_burden_pct,rent_to_income,col_tier,vs_state
Los Altos,-122.09645459489903,37.36833565244588,30736,3501,250001,2000001,22.8,0.16804732781068873,Highest COL,Higher than state median
Foster City,-122.26618967345128,37.55516248133268,32964,3501,193633,1774500,25.7,0.2169671491946104,Highest COL,Higher than state median
Rossmoor,-118.08028933756691,33.78869093568785,11895,3501,200833,1234700,24.6,0.20918872894394847,Highest COL,Higher than state median
Coto de Caza,-117.58599201198277,33.59592481067713,15363,3501,232470,1419400,28.7,0.18072009291521487,Highest COL,Higher than state median
Piedmont,-122.23007722675032,37.82253889581572,11012,3501,250001,2000001,17.8,0.16804732781068873,Highest COL,Higher than state median
Clayton,-121.93009889160085,37.94033647459619,10962,3501,172226,1017300,32.9,0.24393529432257616,Highest COL,Higher than state median
Saratoga,-122.02629118577086,37.26834909595982,30335,3501,241348,2000001,24.3,0.17407229394898655,Highest COL,Higher than state median
Alamo,-122.01359680672122,37.854774465766084,14441,3501,250001,2000001,32.3,0.16804732781068873,Highest COL,Higher than state median
San Marino,-118.11314562486608,34.12238745940813,12279,3501,187633,2000001,21.1,0.22390517659473547,Highest COL,Higher than state median
Hillsborough,-122.35857795366464,37.55722663341515,11122,3501,250001,2000001,12.7,0.16804732781068873,Highest COL,Higher than state median
Rancho Palos Verdes,-118.36339023848325,33.7554454982002,41259,3501,175307,1541400,31.3,0.23964816008487969,Highest COL,Higher than state median
Malibu,-118.78390607631462,34.03700722366869,10516,3501,192159,2000001,39.4,0.21863144583391877,Highest COL,Higher than state median
Blackhawk,-121.90703912007974,37.81592927235785,10404,3501,239681,1948900,32.2,0.17528298029464162,Highest COL,Higher than state median
Cupertino,-122.0465186866741,37.316830402671975,58886,3501,231139,2000001,22,0.18176075867767882,Highest COL,Higher than state median
Danville,-121.96982044326141,37.812158184114985,43426,3501,223206,1583300,28.6,0.1882207467541195,Highest COL,Higher than state median
Manhattan Beach,-118.3966589670849,33.889412283766234,34584,3492,193904,2000001,23.6,0.21610693951646176,Highest COL,Higher than state median
Corte Madera,-122.51285544042001,37.92380066022153,10101,3468,220771,1702000,24.7,0.18850301896535326,Highest COL,Higher than state median
Millbrae,-122.40221263271269,37.59943121370695,22589,3401,157567,1929700,31.1,0.25901362594959604,Highest COL,Higher than state median
Rancho Mission Viejo,-117.56177696086617,33.51399148168313,11355,3342,181111,1039300,51,0.22143326468298447,Highest COL,Higher than state median
Palos Verdes Estates,-118.39724983417719,33.78719808947523,13047,3331,247500,2000001,51,0.16150303030303031,Highest COL,Higher than state median
Ladera Ranch,-117.64172494080846,33.54917074292771,23609,3331,184257,1046600,37.2,0.21693612725703773,Highest COL,Higher than state median
Palo Alto,-122.14674550086224,37.390490553300275,67231,3328,220408,2000001,25.9,0.1811912453268484,Highest COL,Higher than state median
Mill Valley,-122.5420573616597,37.908551743877304,14064,3313,208466,2000001,26.2,0.19070735755470916,Highest COL,Higher than state median
Coronado,-117.16037511565266,32.66485302323436,18558,3250,135056,1998900,33.7,0.28876910318682625,Highest COL,Higher than state median
Mountain House,-121.54492219024803,37.76728785033279,25108,3232,171675,859700,28,0.22591524683267802,Highest COL,Higher than state median
Dublin,-121.89635351875201,37.71612538788234,70542,3174,205046,1224100,26.6,0.18575344069135705,Highest COL,Higher than state median
Menlo Park,-122.16733756124603,37.46849855386674,32775,3156,206588,2000001,27,0.18332139330454816,Highest COL,Higher than state median
Oak Park,-118.76694200628104,34.184961862683664,13656,3150,160484,1017100,30.2,0.2355374990653274,Highest COL,Higher than state median
Newport Beach,-117.86674785851065,33.61515963755013,84304,3146,158461,2000001,30.2,0.23824158625781738,Highest COL,Higher than state median
Walnut,-117.85933005327568,34.03342177464472,27857,3120,133762,972500,34.5,0.2799001211106293,Highest COL,Higher than state median
Moraga,-122.12251067869329,37.84391392347171,16790,3119,199800,1597600,37.8,0.18732732732732732,Highest COL,Higher than state median
Milpitas,-121.892108283445,37.43360380744375,78216,3112,176822,1180000,24.8,0.21119543948151248,Highest COL,Higher than state median
Agoura Hills,-118.7608752816864,34.150999406398746,19881,3094,171944,1072200,32.8,0.2159307681570744,Highest COL,Higher than state median
Pacifica,-122.4781994285586,37.61134100053635,37527,3080,156819,1211700,32.3,0.23568572685707725,Highest COL,Higher than state median
San Mateo,-122.31211109468572,37.55220265140926,103555,3079,152669,1563200,28.5,0.2420137683485187,Highest COL,Higher than state median
Calabasas,-118.66885206279073,34.13751704508291,22869,3070,157938,1453900,51,0.23325608783193405,Highest COL,Higher than state median
Sunnyvale,-122.02553551151566,37.38361930330929,153455,3065,181862,1816600,23,0.20224125985637462,Highest COL,Higher than state median
Eastvale,-117.58030066138244,33.96174348037729,70179,3065,161322,752000,27.3,0.2279912225238963,Highest COL,Higher than state median
Solana Beach,-117.25733160789325,32.99429206035956,12841,3022,150820,1934700,33.4,0.24044556424877336,Highest COL,Higher than state median
Pleasanton,-121.88048754789283,37.66630453597901,77500,3017,186206,1432300,29.7,0.1944298250324909,Highest COL,Higher than state median
French Valley,-117.10692488227215,33.599846650231385,42550,3016,132605,637800,32.8,0.272930884959089,Highest COL,Higher than state median
Hercules,-122.25642780957874,38.006406584285386,26245,3003,130583,741200,35.2,0.27596241470941857,Highest COL,Higher than state median
Tamalpais-Homestead Valley,-122.53816817354159,37.879268210823774,12153,2990,238158,1811100,22.4,0.15065628700274608,Highest COL,Higher than state median
Santa Clara,-121.96797708445199,37.3645814611935,129239,2985,173670,1527900,25.1,0.20625323890136465,Highest COL,Higher than state median
Mountain View,-122.07960281788597,37.40002892061879,82363,2975,179917,1927400,23.2,0.19842482922681012,Highest COL,Higher than state median
Los Gatos,-121.95615892597282,37.230447294306245,32773,2969,207891,2000001,25.4,0.17137827034359351,Highest COL,Higher than state median
Redwood City,-122.22521612298347,37.50208645323947,82423,2959,150840,1838800,29.5,0.23540175019888623,Highest COL,Higher than state median
"El Sobrante CDP (Riverside County), California",-117.46240286926587,33.872442185861146,13206,2954,160331,749300,31.8,0.22109261465343572,Highest COL,Higher than state median
Camp Pendleton South,-117.39294590615539,33.23285475091207,15011,2947,66265,NA,49.8,0.5336753942503585,Highest COL,Higher than state median
Del Aire,-118.36925236238483,33.916785078099025,11115,2938,142566,878800,31.3,0.24729598922604268,Highest COL,Higher than state median
Eastern Goleta Valley,-119.78795891211955,34.44483200708449,29411,2924,136839,1192000,28.3,0.2564181264113301,Highest COL,Higher than state median
San Ramon,-121.93540971264873,37.76208041444635,85734,2916,197358,1359100,28.8,0.17730216155413006,Highest COL,Higher than state median
Cerritos,-118.06861824573765,33.867759303271775,48340,2909,133953,908600,25.2,0.26059886676670174,Highest COL,Higher than state median
Fremont,-121.98403560942658,37.52642855187279,228518,2905,176350,1289400,27,0.19767507796994613,Highest COL,Higher than state median
Discovery Bay,-121.59897542054868,37.90629785286908,15243,2897,154792,789400,35.6,0.22458524988371492,Highest COL,Higher than state median
Belmont,-122.29525426285882,37.51537498026384,27505,2894,207609,2000001,27.4,0.16727598514515266,Highest COL,Higher than state median
Irvine,-117.7738395471155,33.67718734531127,308160,2893,129647,1115400,31,0.2677732612401367,Highest COL,Higher than state median
Dana Point,-117.69672308894266,33.4732736187784,32883,2883,127246,1200900,32.7,0.2718828096757462,Highest COL,Higher than state median
Woodcrest,-117.36869515531181,33.87895354797332,17111,2875,139659,679400,30.2,0.24703026657787897,Highest COL,Higher than state median
Larkspur,-122.53117048038287,37.93935722262349,12856,2867,134744,1805100,36.1,0.25532862316689425,Highest COL,Higher than state median
Lafayette,-122.11885815187362,37.89193669544605,25277,2855,222393,2000001,23.2,0.15405161133668777,Highest COL,Higher than state median
La Cañada Flintridge,-118.20020138015889,34.20968653437306,20094,2842,221451,2000001,30.6,0.15400246555671457,Highest COL,Higher than state median
South San Francisco,-122.41962470974774,37.65380822925097,64487,2833,135909,1160100,30.4,0.25013795995850163,Highest COL,Higher than state median
Emeryville,-122.29325153762133,37.838149651041206,12756,2833,120302,598300,28.1,0.2825888181410118,Highest COL,Higher than state median
Laguna Niguel,-117.7049929131758,33.527487910038516,64023,2819,140605,1123000,34.8,0.24058888375235588,Highest COL,Higher than state median
Hermosa Beach,-118.39616359741137,33.86535960088573,19248,2812,152019,2000001,27.2,0.22197225346831645,Highest COL,Higher than state median
Beverly Hills,-118.4020916910034,34.07854766298793,31955,2805,127979,2000001,33,0.26301190038990774,Highest COL,Higher than state median
San Carlos,-122.26769958482559,37.49825564885916,29797,2802,233333,2000001,26,0.1441030630043757,Highest COL,Higher than state median
Laguna Beach,-117.76129228347874,33.5454812987379,22777,2802,140508,2000001,35.5,0.23930310017934922,Highest COL,Higher than state median
Temescal Valley,-117.46759464367592,33.75800779812013,28560,2794,119647,648200,35.8,0.2802243265606325,Highest COL,Higher than state median
Yorba Linda,-117.77135310089749,33.889015065107635,67407,2779,152060,1091700,31.3,0.21930816782848878,Highest COL,Higher than state median
Stevenson Ranch,-118.5883799379549,34.38944634030081,21317,2777,146404,1033300,34.7,0.2276167317832846,Highest COL,Higher than state median
Aliso Viejo,-117.72891685828395,33.57923286549908,51320,2774,137970,863800,32.2,0.24126984126984127,Highest COL,Higher than state median
Campbell,-121.95384852305261,37.28016251884311,42848,2751,147128,1550000,28.5,0.22437605350443152,Highest COL,Higher than state median
San Anselmo,-122.5698964714136,37.982120203027925,12711,2750,170457,1524300,33.8,0.1935972122001443,Highest COL,Higher than state median
Chino Hills,-117.72539622417509,33.95082035328751,78024,2750,122600,830000,35.7,0.26916802610114193,Highest COL,Higher than state median
Pinole,-122.28335533186318,37.99309724154173,18835,2738,120833,697100,37.2,0.27191247424130827,Highest COL,Higher than state median
Newark,-122.03070623168283,37.520096900276606,47145,2730,164909,1094200,28.4,0.19865501579659087,Highest COL,Higher than state median
Encinitas,-117.2610112352763,33.04915315724974,61585,2730,150471,1466000,30.8,0.21771637059632754,Highest COL,Higher than state median
Mission Viejo,-117.65514472890834,33.60955296227967,92415,2713,136071,946300,34.8,0.2392574464801464,Highest COL,Higher than state median
Union City,-122.01880909281242,37.60276052011815,68141,2713,137194,1058200,27.8,0.2372990072452148,Highest COL,Higher than state median
San Bruno,-122.43135809923885,37.62558057493596,42612,2696,135976,1199400,31.3,0.23792433958933928,Highest COL,Higher than state median
Culver City,-118.39681669945817,34.00581782134491,39993,2683,122312,1126900,30.8,0.263228464909412,Highest COL,Higher than state median
Carlsbad,-117.28334577715427,33.12460682383259,114500,2678,139326,1156900,34.5,0.23065328797209422,Highest COL,Higher than state median
Fairview,-122.04728246113523,37.67584261849904,10033,2665,148801,915100,28.5,0.2149179104979133,Highest COL,Higher than state median
Moorpark,-118.87684663827754,34.28611611238072,35957,2657,149403,852800,32.7,0.2134093692897733,Highest COL,Higher than state median
Camarillo,-119.0321043377906,34.22299650014917,70244,2650,109390,766100,38.1,0.290702989304324,Highest COL,Higher than state median
Burlingame,-122.36671128989536,37.58592768302414,30526,2643,168832,2000001,28.2,0.1878553828658074,Highest COL,Higher than state median
Livermore,-121.76063424519934,37.68674640789188,85870,2640,153602,1038600,31.6,0.2062473144880926,Highest COL,Higher than state median
Laguna Hills,-117.69912245488604,33.591789029868785,30921,2622,122778,944000,34.6,0.2562674094707521,Highest COL,Higher than state median
San Jose,-121.84820231877488,37.30119490916561,990054,2617,141565,1187800,30,0.22183449298908628,Highest COL,Higher than state median
Lake Forest,-117.6713902606296,33.66049140183312,85846,2616,131378,876300,33.5,0.23894411545312003,Highest COL,Higher than state median
Walnut Creek,-122.03984920042146,37.90241705166858,69790,2613,135665,1031100,28.3,0.23112814653742675,Highest COL,Higher than state median
Granite Bay,-121.17143443407322,38.760054903861224,21378,2609,190000,1094100,31.6,0.16477894736842105,Highest COL,Higher than state median
Thousand Oaks,-118.87555263551774,34.19135105442381,125676,2580,134367,951200,33.3,0.23041371765388824,Highest COL,Higher than state median
Redondo Beach,-118.3771055538001,33.85730418603562,69814,2562,144588,1225400,28.8,0.21263175367250395,Highest COL,Higher than state median
El Segundo,-118.40183814940684,33.916952905361676,16863,2547,149149,1521600,24.5,0.20492259418433914,Highest COL,Higher than state median
Canyon Lake,-117.26203052956751,33.68828849752081,11107,2524,124948,647300,31.7,0.24240484041361204,Highest COL,Higher than state median
Daly City,-122.46854553113606,37.686167641806456,102560,2523,119570,1092700,33.1,0.25320732625240444,Highest COL,Higher than state median
Simi Valley,-118.7489641940713,34.266278226913485,125769,2513,117703,753500,37.6,0.256204174914828,Highest COL,Higher than state median
Pleasant Hill,-122.07587393907468,37.95399077142163,34335,2511,144513,1040600,34.3,0.20850719312449398,Highest COL,Higher than state median
Brentwood,-121.71897917409356,37.935573369601656,64609,2509,139567,791600,32.8,0.2157243474460295,Highest COL,Higher than state median
Fountain Valley,-117.95136944631496,33.7105064302407,56358,2507,111797,1018600,38.8,0.26909487732228954,Highest COL,Higher than state median
San Juan Capistrano,-117.65437855586126,33.50086691721061,34998,2500,127893,929700,29.4,0.234571086767845,Highest COL,Higher than state median
San Diego Country Estates,-116.78737268559055,33.00938089754039,10142,2499,134639,715000,14.7,0.22272892698252364,Highest COL,Higher than state median
Castro Valley,-122.06261382979612,37.70883392237416,65389,2499,138069,1058200,34.1,0.2171957499511114,Highest COL,Higher than state median
Santa Clarita,-118.49887194949466,34.41989295572168,229021,2486,119926,721000,36.4,0.2487533979287227,Highest COL,Higher than state median
Rancho Santa Margarita,-117.5989365436489,33.63166980484149,47257,2481,146827,907900,35.1,0.20276924543850924,Highest COL,Higher than state median
El Dorado Hills,-121.04894271427584,38.67496319297724,50553,2468,163544,870300,29,0.18108888127965564,Highest COL,Higher than state median
Cypress,-118.03855217272192,33.81706489590917,49531,2454,124167,870100,34,0.23716446398801613,Highest COL,Higher than state median
El Cerrito,-122.30250968214054,37.91963431803418,25781,2444,127475,1107500,29.9,0.23006864090998236,Highest COL,Higher than state median
Rancho San Diego,-116.91971859623872,32.76237956513076,22264,2431,118431,854200,36.6,0.2463206423993718,Highest COL,Higher than state median
Huntington Beach,-118.0018534827373,33.69605458558388,196010,2424,119885,1047300,30.7,0.24263252283438297,Highest COL,Higher than state median
Diamond Bar,-117.81611878172166,33.99915349857809,53750,2422,106602,867000,39,0.2726402881747059,Highest COL,Higher than state median
Novato,-122.55750989701959,38.0919726653171,52689,2422,112193,1007100,35.2,0.2590535951440821,Highest COL,Higher than state median
Seal Beach,-118.07139260849905,33.75419351012266,24868,2419,83045,492200,33.5,0.349545427178036,Highest COL,Higher than state median
San Francisco,-122.44503526295992,37.755591945447456,836321,2419,141446,1380500,24.4,0.20522319471741868,Highest COL,Higher than state median
Live Oak,-121.98039513302268,36.986010504180065,16866,2414,107500,975900,31.8,0.26946976744186046,Highest COL,Higher than state median
Alum Rock,-121.82382070696728,37.36938620793037,11619,2412,111976,880000,36.2,0.2584839608487533,Highest COL,Higher than state median
Orinda,-122.17903149582315,37.88077284337508,19472,2407,250001,1804400,29,0.11553553785784856,Highest COL,Higher than state median
American Canyon,-122.25832672906806,38.179554480594305,21698,2399,123935,660100,34.2,0.23228305159962886,Highest COL,Higher than state median
San Clemente,-117.61022862581332,33.44992338468015,63510,2398,134735,1220500,32.3,0.21357479496789997,Highest COL,Higher than state median
North Tustin,-117.7947394129672,33.763554868309775,26038,2397,186250,1212400,25,0.15443758389261744,Highest COL,Higher than state median
Costa Mesa,-117.91350634169484,33.666733043394096,110538,2395,110073,1054700,31.2,0.2610994521817339,Highest COL,Higher than state median
Alameda,-122.26630151402202,37.766579371255645,76876,2394,132015,1203900,27.4,0.21761163504147257,Highest COL,Higher than state median
Albany,-122.30171419693026,37.88970489537438,19768,2389,135927,1188600,27.9,0.21090732525546801,High COL,Higher than state median
Goleta,-119.85940803008863,34.43604856739722,32693,2385,118039,1002500,30.7,0.2424622370572438,High COL,Higher than state median
Pacific Grove,-121.9258863075181,36.61882716015404,15003,2384,105568,1129400,33.2,0.27099120945741134,High COL,Higher than state median
Petaluma,-122.62660540210429,38.242258922775754,59321,2379,109823,834900,33.9,0.25994554874661957,High COL,Higher than state median
Lathrop,-121.313112576272,37.80901191806338,32696,2367,118605,605000,31.3,0.2394840015176426,High COL,Higher than state median
Scotts Valley,-122.01180453501355,37.05548825780349,12138,2362,140887,1092000,30.1,0.2011825079673781,High COL,Higher than state median
Hayward,-122.07660055004776,37.63283742630454,159201,2360,113775,820700,32,0.24891232696110746,High COL,Higher than state median
San Rafael,-122.52208163682195,37.990482703848976,60604,2346,109317,1246200,35.2,0.25752627679134993,High COL,Higher than state median
Carpinteria,-119.51175849643042,34.39615990369327,13100,2341,104233,965200,37.6,0.2695115750290215,High COL,Higher than state median
Tustin,-117.81059315468941,33.730933783424895,79035,2340,108435,890600,34.7,0.25895697883524693,High COL,Higher than state median
Santa Monica,-118.48102992408678,34.02342612697844,91535,2338,109739,1810200,28.3,0.2556611596606494,High COL,Higher than state median
Murrieta,-117.19081886329496,33.57188994756539,111621,2330,109780,606900,33.4,0.2546912005829841,High COL,Higher than state median
Tracy,-121.45228813994753,37.726627168330914,95358,2325,118253,653900,29.8,0.23593481772132632,High COL,Higher than state median
Lakewood,-118.12214736145538,33.8470902752598,80510,2324,116794,774100,32.5,0.23877938935219273,High COL,Higher than state median
Seaside,-121.81990745525833,36.62242140941442,31964,2314,82303,692600,38.8,0.33738745853735586,High COL,Higher than state median
Santa Barbara,-119.72018007064325,34.42849484262329,88024,2302,101672,1466400,32.9,0.27169722244079003,High COL,Higher than state median
Santa Cruz,-122.03451819891532,36.97892655766626,60953,2302,111427,1180100,32.6,0.24791118849111973,High COL,Higher than state median
Half Moon Bay,-122.43823093766736,37.46858545414906,11454,2299,153199,1467000,27.6,0.18007950443540754,High COL,Higher than state median
Temecula,-117.13141261770683,33.49276042558254,110404,2297,117840,640400,32.2,0.23391038696537678,High COL,Higher than state median
Soquel,-121.9482504045191,36.9977947125536,10691,2293,114991,908500,29.3,0.23928829212720995,High COL,Higher than state median
Monterey,-121.88077522599959,36.591927610749494,29772,2288,104110,1003300,31.9,0.26372106425895686,High COL,Higher than state median
Rancho Cucamonga,-117.5621490589116,34.130611177951806,174693,2286,109511,694400,33.4,0.25049538402534904,High COL,Higher than state median
Brea,-117.8647245126734,33.92525945412195,47337,2285,124837,874300,31.3,0.21964641893028508,High COL,Higher than state median
North Fair Oaks,-122.20343930208088,37.47538812068311,13327,2284,106690,1209600,32.6,0.25689380448026994,High COL,Higher than state median
Folsom,-121.14215683884994,38.66674615008275,82140,2279,139263,702200,28.5,0.19637663988281165,High COL,Higher than state median
Artesia,-118.08055147995596,33.86756551805972,16044,2276,97712,763700,32.1,0.2795153102996561,High COL,Higher than state median
Morgan Hill,-121.64186920465434,37.132537858435576,45152,2275,159758,1127600,31.3,0.17088346123511813,High COL,Higher than state median
Los Alamitos,-118.05924582213102,33.79711917128203,11784,2273,98539,1003900,34.2,0.2768041080181451,High COL,Higher than state median
Gilroy,-121.5854383227236,37.004608940725106,58561,2270,131554,975800,30.9,0.20706325919394317,High COL,Higher than state median
Placentia,-117.85519967245027,33.88088705575829,52384,2267,110575,871000,35.4,0.24602306127063078,High COL,Higher than state median
Martinez,-122.11607778202685,37.998458411054045,36926,2265,125436,824700,27.7,0.21668420549124653,High COL,Higher than state median
Spring Valley Lake,-117.26826200727625,34.49865276293088,10098,2264,93040,439500,34.8,0.29200343938091144,High COL,Higher than state median
Poway,-117.02010961699155,32.987126637658605,48515,2261,143825,971500,32.9,0.18864592386580914,High COL,Higher than state median
Orange,-117.82174996377155,33.80382236902941,138723,2252,116945,900700,31.6,0.23108298772927446,High COL,Higher than state median
Altadena,-118.13460907087087,34.19274263277956,41921,2250,129123,1073500,33,0.20910294835157175,High COL,Higher than state median
West Puente Valley,-117.96811206315097,34.05124386978353,22198,2250,86692,591800,38.2,0.3114474230609514,High COL,Higher than state median
Hacienda Heights,-117.97273377437156,33.996982132323815,54956,2247,106620,778700,31.3,0.25289814293753515,High COL,Higher than state median
"El Sobrante CDP (Contra Costa County), California",-122.29614910776937,37.970546169917775,15823,2245,112622,695900,35.2,0.23920725968283285,High COL,Higher than state median
Antioch,-121.79598803823777,37.978670485157984,115759,2241,94256,607400,36.9,0.285308097097267,High COL,Higher than state median
La Palma,-118.04067474172288,33.85037257124356,15375,2239,115833,916600,39,0.2319546243298542,High COL,Higher than state median
Bonita,-117.0295614649725,32.66515620913267,13336,2234,117750,902200,39,0.2276687898089172,High COL,Higher than state median
Benicia,-122.15255753796683,38.07252631014172,26861,2234,125040,778600,33.7,0.21439539347408829,High COL,Higher than state median
San Dimas,-117.80902962721743,34.10812290272582,34099,2232,105833,756200,36.7,0.2530779624502755,High COL,Higher than state median
Laguna Woods,-117.72990839751232,33.60990357268404,17342,2232,60235,364900,49.6,0.4446584211836972,High COL,Higher than state median
La Crescenta-Montrose,-118.23534063081536,34.23223337462418,19940,2231,119775,1151100,35.6,0.22351909830933,High COL,Higher than state median
Vacaville,-121.96735193507084,38.35866211023072,102085,2227,108580,596700,33.1,0.24612267452569533,High COL,Higher than state median
Concord,-122.00159117428765,37.97218801282872,124260,2226,109195,755900,35.5,0.24462658546636748,High COL,Higher than state median
San Diego,-117.12223213150348,32.83110276407775,1385061,2223,104321,848500,32.2,0.2557107389691433,High COL,Higher than state median
Pasadena,-118.13895815609601,34.15968588385944,136462,2218,103778,1045000,30.4,0.2564705428896298,High COL,Higher than state median
Glendora,-117.84675621880598,34.14491517829236,51350,2218,111915,820800,31.4,0.23782334807666533,High COL,Higher than state median
South Pasadena,-118.15731196606184,34.11025193650028,26297,2218,128105,1545100,26.2,0.2077670660786074,High COL,Higher than state median
Sonoma,-122.45980863398971,38.290218174063085,10726,2216,101281,954300,35.1,0.2625566493221828,High COL,Higher than state median
Torrance,-118.34159459948971,33.83464109343327,143499,2214,113105,1036600,30.3,0.23489677733079883,High COL,Higher than state median
Rohnert Park,-122.69645457869628,38.347897076971854,44461,2211,96635,634900,33.7,0.27455890722822995,High COL,Higher than state median
East Palo Alto,-122.13521183673761,37.46712608787834,29143,2209,104832,1124000,38.8,0.2528617216117216,High COL,Higher than state median
Chino,-117.66540732814947,33.98364147455709,91775,2208,103845,641500,33.5,0.25514950166112954,High COL,Higher than state median
Oceanside,-117.30828231661631,33.224731828505774,172542,2207,93724,702000,34,0.28257436729119545,High COL,Higher than state median
La Verne,-117.77026322130381,34.12070839950266,30804,2204,104565,793900,32.1,0.25293358198249893,High COL,Higher than state median
Citrus,-117.889077813878,34.11605826385774,10813,2204,101179,614200,32.6,0.26139811620988546,High COL,Higher than state median
Healdsburg,-122.86511716324509,38.62243383986938,11274,2202,100082,946900,31.1,0.2640235007294019,High COL,Higher than state median
Pittsburg,-121.89652782172843,38.018154122816696,75868,2201,101099,583100,37.5,0.26124887486523113,High COL,Higher than state median
Santee,-116.98513190631981,32.85542260553096,59485,2197,105613,653400,37.7,0.24962836014505788,High COL,Higher than state median
San Lorenzo,-122.1332028606455,37.67332348289023,29453,2193,110495,833800,30.2,0.2381646228336124,High COL,Higher than state median
Fairfield,-122.03351018268877,38.25824539847811,119985,2191,102321,592500,36.3,0.2569560500776967,High COL,Higher than state median
San Marcos,-117.17432658197828,33.13524721634047,94078,2191,105286,792400,36,0.24971981080105615,High COL,Higher than state median
Elk Grove,-121.38364653215325,38.41553141854426,177221,2180,122229,603400,32.1,0.21402449500527698,High COL,Higher than state median
Rocklin,-121.24886400957284,38.80753207961984,72340,2178,120916,673300,33.5,0.2161500545833471,High COL,Higher than state median
Napa,-122.30091780454636,38.29738311174929,78816,2165,102231,824500,31.8,0.25413035185022154,High COL,Higher than state median
West Covina,-117.91129019852028,34.05546715625924,107436,2153,98570,712300,32.6,0.26210814649487674,High COL,Higher than state median
Suisun City,-122.00911085390113,38.24730689149755,29205,2151,97083,551000,28.6,0.2658755909891536,High COL,Higher than state median
Vista,-117.23860868354619,33.18967731087939,98646,2148,91854,674400,33.2,0.2806192435822065,High COL,Higher than state median
Corona,-117.56485874723312,33.86159304870633,158839,2136,106438,656500,33.6,0.24081624983558503,High COL,Higher than state median
Berkeley,-122.27598664361639,37.87222248159537,120223,2127,108558,1351100,32.9,0.23511855413695903,High COL,Higher than state median
Claremont,-117.71531982957552,34.12592161048048,36553,2125,122127,870800,34.8,0.20879903706797023,High COL,Higher than state median
Fullerton,-117.92788190690699,33.884066870129466,141278,2124,104219,859600,36.1,0.24456193208532034,High COL,Higher than state median
Chula Vista,-117.01443614330537,32.628125086702234,275030,2122,105173,697400,34.3,0.24211537181596038,High COL,Higher than state median
Arcadia,-118.03725940228325,34.13418535306299,55550,2118,116142,1336500,33.3,0.21883556336209123,High COL,Higher than state median
San Leandro,-122.159969732487,37.70741672241828,88531,2115,98063,813600,31.8,0.25881321191478945,High COL,Higher than state median
"Spring Valley CDP (San Diego County), California",-116.97660017310176,32.731657156024475,32215,2114,104808,645300,32.5,0.24204259216853674,High COL,Higher than state median
Buena Park,-118.00459613952174,33.857211695671026,83052,2112,108187,771900,30.4,0.23426104800022182,High COL,Higher than state median
Cherryland,-122.10380679733285,37.67923770244935,14575,2109,84858,654200,30.9,0.2982394117231139,High COL,Higher than state median
Port Hueneme,-119.20362038741568,34.16174729143283,21691,2106,76655,556200,36.4,0.32968495205792187,High COL,Higher than state median
Marina,-121.78918710057036,36.681002900182214,22324,2105,88518,760800,31.8,0.28536568833457604,High COL,Higher than state median
West Hollywood,-118.37186323850115,34.088253109783345,35090,2103,94844,969900,28.9,0.26607903504702457,High COL,Higher than state median
San Buenaventura (Ventura),-119.23131933450934,34.27406839327041,109900,2101,100407,778700,33.1,0.2510980310137739,High COL,Higher than state median
Westminster,-117.99376063012892,33.7522676941963,90147,2100,82686,820000,38.6,0.3047674334228285,High COL,Higher than state median
Roseville,-121.31960713339815,38.77029794637552,152438,2099,117354,630600,32.7,0.21463264993097805,High COL,Higher than state median
Glendale,-118.2468568387964,34.18187284300777,192270,2095,84262,1043900,39.5,0.2983551304265268,High COL,Higher than state median
Orcutt,-120.42222545059869,34.8691111160381,31284,2094,108682,587000,32.6,0.23120663955392795,High COL,Higher than state median
Burbank,-118.32353180062442,34.18788824060193,105165,2089,95816,1041100,33.8,0.26162645069716955,High COL,Higher than state median
Truckee,-120.18482878249763,39.34546999778975,16942,2089,125995,884000,34.7,0.19896027620143655,High COL,Higher than state median
Windsor,-122.80879288639548,38.542273738967914,26179,2087,129004,763200,32.3,0.19413351523983752,High COL,Higher than state median
Sierra Madre,-118.05037855218481,34.16870671498,11020,2086,141094,1172200,26.2,0.17741363913419422,High COL,Higher than state median
Santa Rosa,-122.70672907670418,38.445823331905245,177216,2084,97410,685000,31.5,0.25672928857406835,High COL,Higher than state median
Anaheim,-117.85749363656902,33.83899493701946,344553,2082,90583,771700,35.7,0.27581334245940187,High COL,Higher than state median
Lincoln,-121.29373476505046,38.87738384363774,51629,2081,108108,628500,34.9,0.23099123099123098,High COL,Higher than state median
Antelope,-121.36099737942509,38.71533447150744,49080,2063,95102,468200,30.9,0.26030998296565794,High COL,Higher than state median
Ashland,-122.11596018979101,37.69421326135661,22784,2063,81604,695300,31.5,0.30336748198617713,High COL,Higher than state median
La Mirada,-118.00929436369498,33.902506062603045,46945,2052,110177,763200,33.8,0.2234949218076368,High COL,Higher than state median
Menifee,-117.18486140897005,33.690921323351084,107020,2052,89183,487200,38.2,0.27610643284033953,High COL,Higher than state median
Valinda,-117.92996016811661,34.040137128770375,21626,2051,99979,613200,25.5,0.24617169605617178,High COL,Higher than state median
Davis,-121.73705060297526,38.5552976563426,66801,2043,87421,829000,41.6,0.2804360508344677,High COL,Higher than state median
La Habra,-117.95154756431111,33.928194373207795,62233,2039,98158,716700,30.3,0.2492715825505817,High COL,Higher than state median
Moreno Valley,-117.20455157341512,33.924388447436904,210378,2036,87477,461400,36.8,0.27929627216296854,High COL,Higher than state median
Temple City,-118.05799194479683,34.10215677864488,35749,2034,102449,930200,31.4,0.238245370867456,High COL,Higher than state median
Oakley,-121.69514335506973,37.99293352840454,44311,2031,132067,632800,30.6,0.18454269423853042,High COL,Higher than state median
Alpine,-116.75853193846599,32.843885275779094,15470,2025,111723,810000,33.7,0.21750221530034103,High COL,Higher than state median
Norwalk,-118.08289238388102,33.90689128222599,100713,2014,98709,616600,35.4,0.24484089596693312,High COL,Higher than state median
Vallejo,-122.23416645395132,38.11249479749239,124637,2013,89496,557500,34.1,0.26991150442477874,High COL,Higher than state median
Vincent,-117.92378187780216,34.09828266605407,15151,2013,99157,609900,29.6,0.24361366318061253,High COL,Higher than state median
Monrovia,-117.99211746236445,34.165009350254735,37553,2009,97083,891700,30.8,0.24832359939433268,High COL,Higher than state median
Salida,-121.08424106882794,37.70836198656852,14457,2004,91990,448700,23.3,0.26141971953473203,High COL,Higher than state median
Avocado Heights,-117.99689074078825,34.0390916829456,12934,2002,95000,668700,41.3,0.25288421052631577,High COL,Higher than state median
Duarte,-117.95043927688822,34.160939586406386,21921,1991,97952,710700,32.9,0.2439153871283894,High COL,Higher than state median
Vineyard,-121.32398246041735,38.4740148515404,42645,1984,108403,552400,34.5,0.21962491812957205,High COL,Higher than state median
Upland,-117.6603769919778,34.11782419778161,78940,1976,101407,688800,32.5,0.23383001173489007,High COL,Higher than state median
"Lakeside CDP (San Diego County), California",-116.90399252915806,32.85596501135169,21788,1976,94877,585500,34.5,0.2499235852735647,High COL,Higher than state median
Santa Ana,-117.88180529915125,33.736704224533646,311639,1975,88354,657800,32.2,0.2682391289585078,High COL,Higher than state median
Garden Grove,-117.96011705377308,33.778716981014284,170603,1971,90166,765500,34.9,0.26231617239314153,High COL,Higher than state median
Casa de Oro-Mount Helix,-116.9687206757162,32.76397588503985,19651,1970,123037,906500,30,0.19213732454464916,High COL,Higher than state median
Santa Fe Springs,-118.06246882274644,33.932910050038906,19310,1965,86857,624700,32.8,0.2714807096722199,High COL,Higher than state median
Oxnard,-119.18149201238471,34.19634753308337,201014,1962,93372,617800,34,0.252152679604164,High COL,Higher than state median
La Mesa,-117.02036635698296,32.77030992699959,60835,1958,84337,738800,36.2,0.27859658275727145,High COL,Higher than state median
Nipomo,-120.49844560737198,35.031846362952734,17266,1956,102382,674100,31.1,0.22925904944228476,High COL,Higher than state median
El Paso de Robles (Paso Robles),-120.65662216987981,35.63881130574518,31399,1947,93098,648400,34,0.2509613525532235,High COL,Higher than state median
Bay Point,-121.96152400675538,38.0329207733628,24065,1946,80684,479100,29.9,0.28942541272123345,Moderate COL,Higher than state median
West Whittier-Los Nietos,-118.0689189084407,33.97589335337285,25459,1939,101138,607100,32.6,0.23006189562775614,Moderate COL,Lower than state median
Manteca,-121.22642366540514,37.79271202987147,86521,1934,94718,561200,32.6,0.24502206549969383,Moderate COL,Lower than state median
Bostonia,-116.94787141977045,32.818977651520434,16545,1932,73549,435900,42.1,0.3152184258113639,Moderate COL,Lower than state median
Rowland Heights,-117.89113449439132,33.97163508091921,46787,1929,85202,812900,32.8,0.2716837632919415,Moderate COL,Lower than state median
Stanford,-122.16738794470312,37.4252068910874,17958,1925,70651,2000001,44.1,0.3269592787080155,Moderate COL,Lower than state median
Salinas,-121.63167782929138,36.68829068999807,161993,1923,89150,610900,32.1,0.2588446438586652,Moderate COL,Lower than state median
Escondido,-117.07227322028166,33.13475419454822,149913,1922,84477,663500,37.8,0.27302105898646967,Moderate COL,Lower than state median
Grover Beach,-120.61969809220784,35.120348039039115,12687,1921,82534,691900,29.9,0.27930307509632396,Moderate COL,Lower than state median
Lomita,-118.31747682367818,33.79330781960505,20409,1918,92920,792100,30.2,0.24769694360740424,Moderate COL,Lower than state median
Oakland,-122.21646179430728,37.79041858721483,438072,1917,97369,924700,30.5,0.2362558925325309,Moderate COL,Lower than state median
Ontario,-117.60641342706562,34.03926087062088,178347,1916,82806,568000,35.3,0.27766103905514095,Moderate COL,Lower than state median
Lake Elsinore,-117.33439998856069,33.684653434970166,71516,1915,96527,505700,34.1,0.23806810529696354,Moderate COL,Lower than state median
Imperial Beach,-117.11798543096461,32.569318590070445,25897,1914,79071,811000,34.6,0.29047311909549645,Moderate COL,Lower than state median
Carson,-118.2559272996384,33.83744856487763,93523,1914,107391,645600,31.7,0.213872670894209,Moderate COL,Lower than state median
East San Gabriel,-118.07912749176155,34.11561486371462,23521,1912,107184,955000,32.6,0.2140618002686968,Moderate COL,Lower than state median
Wildomar,-117.25830318483635,33.61727651551981,36953,1910,95677,511900,31.4,0.23955600614567765,Moderate COL,Lower than state median
Los Osos,-120.82414643513802,35.306523052339564,15048,1909,103504,728000,28.8,0.2213247797186582,Moderate COL,Lower than state median
San Luis Obispo,-120.6686118691425,35.266601716397545,48039,1906,66711,896500,46.5,0.3428520034177272,Moderate COL,Lower than state median
Stanton,-117.9934727973405,33.800213890444724,38639,1905,81455,541000,36.6,0.28064575532502606,Moderate COL,Lower than state median
Richmond,-122.3388324289134,37.94815892414213,115396,1895,90038,650100,34.6,0.2525600302094671,Moderate COL,Lower than state median
Norco,-117.54983987695971,33.92518711258578,25211,1893,125117,731900,29.3,0.18155806165429159,Moderate COL,Lower than state median
Downey,-118.13113735978872,33.93786394422622,111793,1892,87400,728500,33.8,0.2597711670480549,Moderate COL,Lower than state median
San Pablo,-122.34254826873068,37.96292258624318,31771,1890,78215,516000,32.6,0.28996995461228664,Moderate COL,Lower than state median
Arroyo Grande,-120.58448784845898,35.12414016455279,18412,1890,103258,758100,32.8,0.21964399852795907,Moderate COL,Lower than state median
Redlands,-117.17120930238404,34.0511015803879,72985,1883,99158,583000,30.1,0.2278787389822304,Moderate COL,Lower than state median
Los Angeles,-118.40735573647386,34.11601701492291,3857897,1879,80366,879500,34.7,0.28056640868028765,Moderate COL,Lower than state median
San Gabriel,-118.09900153174111,34.09480893450409,38764,1874,87592,899000,31.6,0.25673577495661704,Moderate COL,Lower than state median
Orangevale,-121.22087342093387,38.68810519273535,35219,1866,98158,508600,31.9,0.2281220073758634,Moderate COL,Lower than state median
Isla Vista,-119.86142233328371,34.41280768907728,13717,1856,24428,1241700,51,0.9117406255117079,Moderate COL,Lower than state median
Winter Gardens,-116.92684215800365,32.83763374799326,22003,1855,94320,558800,34.2,0.2360050890585242,Moderate COL,Lower than state median
Atascadero,-120.68576535814017,35.48269308180891,29735,1855,88830,673400,30.7,0.25059101654846333,Moderate COL,Lower than state median
Calimesa,-117.0541994000517,33.98736070833948,10680,1852,90313,423300,29.5,0.2460775303666139,Moderate COL,Lower than state median
Alhambra,-118.13549408244525,34.08397871077818,81483,1852,85189,812700,31.8,0.26087875195154303,Moderate COL,Lower than state median
Lawndale,-118.35313018337915,33.888460216755696,31113,1847,83538,726000,32.8,0.2653163829634418,Moderate COL,Lower than state median
Hollister,-121.39859061023441,36.85549876676139,43003,1846,101979,679300,33.1,0.21722119259847616,Moderate COL,Lower than state median
Monterey Park,-118.132554138807,34.04969515944586,59639,1845,77605,818300,35.5,0.2852908962051414,Moderate COL,Lower than state median
View Park-Windsor Hills,-118.34836642424268,33.995484075999705,11744,1845,120604,1123300,27.7,0.18357600079599348,Moderate COL,Lower than state median
Santa Maria,-120.44317841149814,34.933323423251345,109880,1842,84617,478200,33.6,0.26122410390347095,Moderate COL,Lower than state median
South San Jose Hills,-117.90432814041934,34.01230861073775,17451,1840,94740,540400,28.1,0.2330588980367321,Moderate COL,Lower than state median
Covina,-117.88183962949547,34.09029207680461,50143,1839,94792,666000,31.1,0.2328044560722424,Moderate COL,Lower than state median
Lakeland Village,-117.37061853940533,33.647963818216894,11587,1834,83371,429000,33.9,0.26397668253949214,Moderate COL,Lower than state median
West Carson,-118.29311471106362,33.82290144272854,21909,1833,95385,647100,34.5,0.23060229595848403,Moderate COL,Lower than state median
Azusa,-117.91238418587831,34.138618193232126,49318,1831,85727,607400,30.8,0.2563019818726889,Moderate COL,Lower than state median
Whittier,-118.01872628600368,33.967734601956714,85925,1829,92374,751700,33.5,0.23759932448524476,Moderate COL,Lower than state median
South Whittier,-118.0311446821844,33.933604761677415,55201,1823,98974,641700,30.3,0.22102774466021377,Moderate COL,Lower than state median
Morro Bay,-120.84815432603425,35.368190493709115,10717,1820,92553,864900,30.7,0.23597290201290072,Moderate COL,Lower than state median
Baldwin Park,-117.97217175375923,34.08283754939516,70720,1817,79087,588100,33.9,0.2756963849937411,Moderate COL,Lower than state median
Signal Hill,-118.16812238573719,33.802893399543244,11563,1817,102303,725500,24.4,0.21313157971906982,Moderate COL,Lower than state median
Riverside,-117.39489944847654,33.93813884212888,316241,1812,88575,542100,33.8,0.24548687552921253,Moderate COL,Lower than state median
Long Beach,-118.16335202500524,33.802774551109664,458491,1803,83969,762200,33,0.2576665197870643,Moderate COL,Lower than state median
Fillmore,-118.91742583437063,34.398902427448405,16665,1799,90343,567500,37.2,0.2389559788804888,Moderate COL,Lower than state median
Ripon,-121.13104090560573,37.74167765258961,16117,1799,120061,666400,31.1,0.17980859729637433,Moderate COL,Lower than state median
Ramona,-116.87668196068047,33.04740660099635,22829,1797,101023,704500,34.6,0.21345634162517446,Moderate COL,Lower than state median
Fair Oaks,-121.24962010322622,38.65044504478561,32030,1797,111332,645600,30,0.1936909424064959,Moderate COL,Lower than state median
Cameron Park,-120.98719778490768,38.67374703460302,17283,1795,97786,641100,33.2,0.2202769312580533,Moderate COL,Lower than state median
La Presa,-117.00267131205405,32.711003825877285,36669,1795,88479,595400,33.3,0.24344759773505578,Moderate COL,Lower than state median
Perris,-117.22333259786016,33.78975774970851,79349,1791,82523,431900,33.8,0.26043648437405326,Moderate COL,Lower than state median
El Cajon,-116.96046202204224,32.801700226019506,104909,1790,66478,632800,41,0.3231144137910286,Moderate COL,Lower than state median
La Puente,-117.95332349869092,34.03229696914398,37404,1788,84811,593200,31.9,0.25298605133768026,Moderate COL,Lower than state median
Watsonville,-121.77094115850451,36.921669477304505,51968,1784,74785,657700,34.6,0.2862606137594437,Moderate COL,Lower than state median
Grand Terrace,-117.3130580929503,34.03109263775456,13069,1782,83668,465800,31.7,0.2555815843572214,Moderate COL,Lower than state median
Rio Linda,-121.4416922669263,38.68753435044364,16951,1781,96083,438800,31.1,0.22243268840481667,Moderate COL,Lower than state median
Pico Rivera,-118.0888010367838,33.99009155553582,60821,1775,86956,621400,34.6,0.24495146970881826,Moderate COL,Lower than state median
Paramount,-118.16510686574193,33.897659374853504,52546,1772,70912,500400,35.6,0.2998646209386282,Moderate COL,Lower than state median
Montebello,-118.11078852446272,34.01548974975739,61376,1771,74955,660700,35.8,0.2835301180708425,Moderate COL,Lower than state median
Bellflower,-118.12711733040808,33.888030685099025,77396,1771,77602,661100,34.3,0.27385892116182575,Moderate COL,Lower than state median
Lemon Grove,-117.0343674266085,32.73307604488366,27489,1769,79278,640600,38.8,0.2677665935063952,Moderate COL,Lower than state median
Muscoy,-117.34771831250804,34.1551877778988,11402,1766,57726,379200,42.4,0.3671136056542979,Moderate COL,Lower than state median
Citrus Heights,-121.2879680154014,38.694813110715494,87036,1764,77167,432100,33.9,0.27431414983088626,Moderate COL,Lower than state median
Gardena,-118.30724699731681,33.894344639752106,59765,1761,79291,667600,32.8,0.2665119622655787,Moderate COL,Lower than state median
Loma Linda,-117.24810079322253,34.0427358314971,25021,1759,82824,557800,33.7,0.2548536656041727,Moderate COL,Lower than state median
Montclair,-117.69808016491156,34.07148635214594,37809,1759,76338,549600,36.5,0.27650711310225573,Moderate COL,Lower than state median
La Riviera,-121.35442750301674,38.56827649826378,11503,1757,91111,433400,30.4,0.23141003830492476,Moderate COL,Lower than state median
Country Club,-121.34081271397207,37.96868927998924,10017,1752,79506,349700,34.9,0.26443287299071766,Moderate COL,Lower than state median
Castaic,-118.63165122966713,34.48177414854112,18479,1751,132153,710400,46.4,0.15899752559533267,Moderate COL,Lower than state median
La Quinta,-116.27846771824231,33.65349238290943,38299,1747,97628,612800,31.5,0.2147334781005449,Moderate COL,Lower than state median
Home Gardens,-117.51155284422228,33.878299135654046,11430,1744,92344,498800,27.9,0.2266308585289786,Moderate COL,Lower than state median
Lake Arrowhead,-117.19435034999255,34.25308730937491,10746,1739,88147,545100,36.3,0.23674089872599183,Moderate COL,Lower than state median
Pomona,-117.76260052788408,34.058482333096705,148391,1738,78869,569600,34.6,0.2644384992836222,Moderate COL,Lower than state median
Palmdale,-118.10572010545957,34.59444347941296,165487,1736,81151,435300,38.6,0.25670663331320626,Moderate COL,Lower than state median
Fontana,-117.45980496484161,34.097210684981086,211921,1733,98187,558500,31.2,0.21179993278132542,Moderate COL,Lower than state median
Rosemead,-118.08232001699236,34.0688267964061,50340,1728,72248,729600,34.1,0.2870114051600044,Moderate COL,Lower than state median
Dixon,-121.82493918153087,38.446916667951925,19158,1728,98798,575600,26.9,0.20988279114961844,Moderate COL,Lower than state median
East Whittier,-117.98871181893287,33.92439286939394,10061,1725,105104,750700,29.6,0.1969477850509971,Moderate COL,Lower than state median
Inglewood,-118.34444901080302,33.956556835299374,105575,1725,71029,744300,34.8,0.29143026087935914,Moderate COL,Lower than state median
Hawthorne,-118.3475979460767,33.91465096719177,85933,1723,72719,813700,34.4,0.28432734223517925,Moderate COL,Lower than state median
Rosemont,-121.35532587139035,38.547751569661955,23448,1719,86178,436400,33.3,0.23936503515978555,Moderate COL,Lower than state median
Palm Desert,-116.36948122604893,33.7377474888604,51551,1717,79508,491600,34.6,0.25914373396387785,Moderate COL,Lower than state median
Prunedale,-121.65553052052884,36.80635766685888,19286,1711,106442,760200,30.4,0.19289378252945266,Moderate COL,Lower than state median
South El Monte,-118.04839157411593,34.04929522606093,19413,1708,67153,578100,42.2,0.30521346775274377,Moderate COL,Lower than state median
Rancho Cordova,-121.25270280131802,38.57367747433687,80656,1698,89120,451400,30.2,0.2286355475763016,Moderate COL,Lower than state median
Santa Paula,-119.0655305204305,34.3545073342356,31202,1698,77130,559300,33.5,0.26417736289381566,Moderate COL,Lower than state median
Lancaster,-118.17532722772779,34.69347804805201,170013,1696,76083,409100,35.1,0.2674973384330271,Moderate COL,Lower than state median
Hawaiian Gardens,-118.07283148646765,33.830361358026366,13816,1696,76025,509600,32.6,0.2677014140085498,Moderate COL,Lower than state median
Sacramento,-121.46846381746157,38.56761220916173,524802,1694,83753,484600,32.3,0.24271369383783267,Moderate COL,Lower than state median
San Fernando,-118.43624823707373,34.28863254202134,23716,1690,79694,630700,41,0.25447336060431147,Moderate COL,Lower than state median
Jurupa Valley,-117.47055043496974,34.00103776717106,106244,1690,96190,538700,34.1,0.2108327268946876,Moderate COL,Lower than state median
Greenfield,-121.2433336654755,36.324356363392305,19759,1690,78946,462400,29,0.2568844526638462,Moderate COL,Lower than state median
El Monte,-118.02910583506589,34.073946910700464,107066,1677,64484,626000,36.2,0.3120774145524471,Moderate COL,Lower than state median
Fallbrook,-117.22587799862536,33.36932747527833,32467,1675,87293,713000,34.6,0.23025901275016322,Moderate COL,Lower than state median
Mead Valley,-117.28516539004832,33.83329346094125,19588,1673,90358,417700,32.4,0.2221828725735408,Moderate COL,Lower than state median
Cudahy,-118.18303928113211,33.963137787269,22325,1667,52748,505300,36.4,0.37923712747402744,Moderate COL,Lower than state median
Valle Vista,-116.88713902227583,33.74359275462689,19263,1666,61799,315400,36.3,0.3235003802650528,Moderate COL,Lower than state median
Clovis,-119.68283928450926,36.82854176884835,122719,1662,100360,453300,30.9,0.19872459147070545,Moderate COL,Lower than state median
Yucaipa,-117.04289515297533,34.03358556486832,54348,1661,92401,466000,31.2,0.21571195116935965,Moderate COL,Lower than state median
Bell Gardens,-118.15498877166905,33.966316952035285,38661,1658,55372,527900,36.7,0.35931517734595103,Moderate COL,Lower than state median
Sun Village,-117.95585258468581,34.559625507226045,11009,1650,68284,348100,44,0.2899654384628903,Moderate COL,Lower than state median
Diamond Springs,-120.83907279106197,38.69201666371684,12642,1644,83288,409000,44,0.23686485448083758,Moderate COL,Lower than state median
Rialto,-117.38923578487658,34.11750097499691,103866,1641,85521,454400,33.6,0.2302592345739643,Moderate COL,Lower than state median
San Jacinto,-116.99156784535641,33.79697210285181,54756,1633,78281,391600,38.1,0.25032894316628557,Moderate COL,Lower than state median
Lynwood,-118.20165992851156,33.92399696175629,65291,1625,70236,569400,36.9,0.2776354006492397,Moderate COL,Lower than state median
Rio Vista,-121.70246437620867,38.17647651112809,10002,1624,86970,480300,28.9,0.22407726802345637,Moderate COL,Lower than state median
Phelan,-117.52481967200478,34.43978827322099,18059,1623,83759,357200,49,0.2325242660490216,Moderate COL,Lower than state median
East Hemet,-116.94103518412551,33.73012627188892,20292,1620,80621,370300,33.1,0.24112824202130959,Moderate COL,Lower than state median
National City,-117.0981183046661,32.66532167598456,55960,1619,64248,580900,35,0.3023907358983937,Moderate COL,Lower than state median
Modesto,-121.00298419358577,37.63718533141036,218614,1609,77899,415600,33.5,0.2478594076945789,Moderate COL,Lower than state median
Colton,-117.32531619344992,34.05360291090108,53798,1608,69581,411100,34.5,0.2773170836866386,Moderate COL,Lower than state median
Soledad,-121.34260785141527,36.44321847322379,24476,1604,93204,571600,33.8,0.20651474185657268,Moderate COL,Lower than state median
Compton,-118.22741070399859,33.892990265617044,93525,1601,74270,546700,36.3,0.2586777972263363,Moderate COL,Lower than state median
Carmichael,-121.32629843700542,38.63183487664825,78070,1595,84376,541500,33.5,0.22684175594955913,Moderate COL,Lower than state median
East Rancho Dominguez,-118.19556264106141,33.89494035161062,14219,1593,67645,548400,35.3,0.2825929484810407,Moderate COL,Lower than state median
North Highlands,-121.37211089853446,38.67135158969928,47900,1585,65090,344900,36.3,0.2922107850668305,Moderate COL,Lower than state median
Ceres,-120.96196113077677,37.59522947707531,48918,1584,76862,397200,30,0.24730035648304752,Moderate COL,Lower than state median
North Auburn,-121.08210465314993,38.93060857076349,13833,1581,72125,503400,33.3,0.2630433275563258,Moderate COL,Lower than state median
Rancho Mirage,-116.42710750881908,33.76342461768964,17375,1575,109943,747800,42.3,0.17190726103526374,Lower COL,Lower than state median
West Rancho Dominguez,-118.2682696184052,33.90569305449334,22560,1575,81585,589100,34.3,0.23166023166023167,Moderate COL,Lower than state median
Victorville,-117.3536094253566,34.5277062461153,135983,1568,70663,342500,39.5,0.26627796725301783,Lower COL,Lower than state median
West Sacramento,-121.55043076933933,38.555686993009346,54496,1568,90791,497100,30.3,0.20724521152977718,Lower COL,Lower than state median
Hesperia,-117.31468797706097,34.397531124967216,100141,1566,68971,366800,36.7,0.2724623392440301,Lower COL,Lower than state median
Lodi,-121.29308622790629,38.12175188271375,67008,1565,84402,468800,30.6,0.22250657567356225,Lower COL,Lower than state median
Foothill Farms,-121.34745977246504,38.68674694600519,37332,1560,68042,368500,36,0.27512418800152844,Lower COL,Lower than state median
Bloomington,-117.40125577052014,34.06008423508498,24324,1555,81220,443300,31.6,0.22974636788968236,Lower COL,Lower than state median
Cathedral City,-116.46423544441741,33.836184579749364,52047,1554,67031,420700,38,0.2781996389730125,Lower COL,Lower than state median
Willowbrook,-118.23555287386922,33.92090493551478,21642,1549,60386,511100,35.8,0.3078196933063955,Lower COL,Lower than state median
Highland,-117.16497551884459,34.111299742975284,56690,1539,77979,455200,38.6,0.23683299349824952,Lower COL,Lower than state median
Bell,-118.17977697038894,33.98012232695291,32830,1538,60641,561400,36.9,0.30434854306492304,Lower COL,Lower than state median
Banning,-116.89905201413652,33.94592286154427,30680,1528,57699,322900,36.1,0.3177871366921437,Lower COL,Lower than state median
King City,-121.13294685657971,36.216354639687495,13512,1527,63090,395800,36.8,0.2904422253922967,Lower COL,Lower than state median
Riverbank,-120.94335651862093,37.7259755656122,24881,1527,90216,442300,28,0.2031125299281724,Lower COL,Lower than state median
Lompoc,-120.47138441804704,34.66180430289433,43819,1516,70038,433800,31.2,0.2597447100145635,Lower COL,Lower than state median
Los Banos,-120.84066465622313,37.06300005373746,46776,1515,70893,419600,31.9,0.2564428081757014,Lower COL,Lower than state median
University of California-Santa Barbara,-119.85685655785815,34.415074978131955,11634,1512,75000,452600,27.2,0.24192,Lower COL,Lower than state median
Beaumont,-116.97655199041779,33.907557567776074,54817,1505,105164,464000,32.6,0.17173177132859155,Lower COL,Lower than state median
Florin,-121.40433219903785,38.48315840262527,49536,1503,66323,359500,31.8,0.2719418602897939,Lower COL,Lower than state median
Woodland,-121.75001698259511,38.67116805543535,61256,1500,87880,505200,29.8,0.2048247610377788,Lower COL,Lower than state median
Turlock,-120.85907886872326,37.505329132907136,72400,1498,79807,443900,32.3,0.22524339970178056,Lower COL,Lower than state median
Stockton,-121.31008700365462,37.97676655106765,320470,1495,76851,412900,32.5,0.23343873209197016,Lower COL,Lower than state median
Crestline,-117.28864543410604,34.24859298778345,10431,1488,79378,363500,29.8,0.22494897830633173,Lower COL,Lower than state median
Arden-Arcade,-121.38448725621667,38.60171447958807,96319,1476,71767,504400,36.3,0.24679866791143562,Lower COL,Lower than state median
Florence-Graham,-118.24465818559497,33.968170732390384,61723,1475,61216,499100,36.2,0.2891400940930476,Lower COL,Lower than state median
Palm Springs,-116.5380063682446,33.80153413187994,44998,1473,71979,567300,37.4,0.24557162505730837,Lower COL,Lower than state median
South Gate,-118.1925851519457,33.94474527212856,91836,1471,71315,608500,32.8,0.247521559279254,Lower COL,Lower than state median
Oakdale,-120.84682330495207,37.76177702142455,23155,1471,86478,432800,32,0.20412127940054117,Lower COL,Lower than state median
Quartz Hill,-118.21633134372613,34.652689214147486,10968,1469,104017,455500,22.8,0.1694722977974754,Lower COL,Lower than state median
Maywood,-118.18776533073702,33.988553275524104,24593,1467,61655,595000,32.9,0.2855242883788825,Lower COL,Lower than state median
South Lake Tahoe,-119.98102426162036,38.92887565308782,21319,1467,73940,630200,32.2,0.23808493373005138,Lower COL,Lower than state median
Lennox,-118.35858699204795,33.93797368562539,20289,1455,60307,677600,35.1,0.28951862967814684,Lower COL,Lower than state median
Big Bear City,-116.79029678771562,34.25362804777662,12493,1454,72457,427700,38.9,0.24080489117683593,Lower COL,Lower than state median
Chico,-121.81627629855767,39.75745999767106,102032,1442,67929,455300,36.8,0.25473656317625754,Lower COL,Lower than state median
McKinleyville,-124.08568390701045,40.9487921646023,17152,1441,66096,414200,37.7,0.26161946259985475,Lower COL,Lower than state median
Huntington Park,-118.2167144030285,33.980035312374326,53658,1440,56952,557600,33.8,0.3034134007585335,Lower COL,Lower than state median
San Bernardino,-117.2943126111867,34.14157721870671,221774,1433,63988,384900,37.7,0.2687378883540664,Lower COL,Lower than state median
Auburn,-121.07769687362473,38.89495283669285,13758,1432,77760,642400,36.8,0.22098765432098766,Lower COL,Lower than state median
Hemet,-116.99684460071748,33.73408065329868,90646,1432,53623,314200,37.4,0.32045950431717735,Lower COL,Lower than state median
East Los Angeles,-118.16915514716696,34.03263999129199,114617,1431,68378,613600,29.9,0.25113340548129515,Lower COL,Lower than state median
Walnut Park,-118.22192355828673,33.96828859386086,15446,1430,79205,570500,38.3,0.21665298907897226,Lower COL,Lower than state median
Commerce,-118.15189146647089,33.99629282900147,12072,1420,71768,583200,36.5,0.23743172444543528,Lower COL,Lower than state median
Grass Valley,-121.0527483707121,39.22015294483713,14126,1417,48850,458400,39.7,0.348085977482088,Lower COL,Lower than state median
Westmont,-118.30183208843663,33.941680341520595,34291,1413,47899,617300,43.5,0.3539948641934069,Lower COL,Lower than state median
Galt,-121.29938165244016,38.26933055758052,25665,1413,86327,465700,33,0.19641595329387096,Lower COL,Lower than state median
Parkway,-121.45203163839606,38.49930494548529,15880,1402,64380,355400,31.8,0.2613233923578751,Lower COL,Lower than state median
Visalia,-119.32677344569439,36.32758800730967,142649,1397,79952,340600,29.4,0.20967580548328996,Lower COL,Lower than state median
Imperial,-115.57204049581047,32.83883167583777,20943,1396,83214,344700,30.6,0.2013122791837912,Lower COL,Lower than state median
Lemoore,-119.79824107649966,36.29432243880108,27023,1394,82189,319200,27.8,0.20353088612831402,Lower COL,Lower than state median
Indio,-116.23467879834278,33.73461930130177,90669,1392,78709,424700,32.4,0.21222477734439518,Lower COL,Lower than state median
Yuba City,-121.63946155239084,39.13229817523288,69545,1391,72322,405900,32.3,0.23080113934902244,Lower COL,Lower than state median
Patterson,-121.15364100611238,37.475806565460374,24306,1391,93542,427400,28,0.17844390754954992,Lower COL,Lower than state median
Adelanto,-117.43969437338507,34.58137864440071,38010,1389,68419,318300,36,0.24361653926540874,Lower COL,Lower than state median
Lemon Hill,-121.45725753620943,38.517223436357064,14942,1376,49441,328000,35.3,0.3339738273902227,Lower COL,Lower than state median
Apple Valley,-117.2109119050989,34.535171182715345,75478,1373,65926,377300,37.1,0.24991657312744595,Lower COL,Lower than state median
Bakersfield,-119.03591517719697,35.35286014238155,408366,1371,77397,347300,32.3,0.21256637854180394,Lower COL,Lower than state median
Tulare,-119.33995248763432,36.2001923938459,69984,1354,69517,301200,33.3,0.23372700202828087,Lower COL,Lower than state median
Lake Los Angeles,-117.83390649935502,34.60966497982179,13479,1351,60999,284800,38.3,0.2657748487680126,Lower COL,Lower than state median
Yucca Valley,-116.42156337066083,34.123348433920874,21744,1341,55302,321300,36.5,0.29098405120972115,Lower COL,Lower than state median
Desert Hot Springs,-116.5428630575597,33.95488532126055,32786,1339,50349,309300,39.9,0.31913245546088304,Lower COL,Lower than state median
Ukiah,-123.21060985559214,39.14638751028167,16419,1330,67122,448100,33.1,0.23777598998837937,Lower COL,Lower than state median
Fresno,-119.79392030697929,36.782976093827415,543615,1324,66804,348500,34.2,0.2378300700556853,Lower COL,Lower than state median
Redding,-122.36556426959625,40.5702383307126,93268,1323,69443,363800,30.6,0.22861915527842977,Lower COL,Lower than state median
Garden Acres,-121.22959429182549,37.963698123930655,10417,1304,62895,318400,29,0.24879561173384213,Lower COL,Lower than state median
Merced,-120.47788428641049,37.30569193183851,89766,1293,59938,347700,32,0.2588674964129601,Lower COL,Lower than state median
Arcata,-124.0752641474485,40.86165633691476,18578,1287,48731,466600,38.6,0.31692351890993414,Lower COL,Lower than state median
Livingston,-120.72481298361969,37.387487053789094,14450,1281,76158,339800,25.6,0.2018435358071378,Lower COL,Lower than state median
Tehachapi,-118.4744263420982,35.12760370765423,12366,1278,67785,344700,30.2,0.22624474441248063,Lower COL,Lower than state median
Twentynine Palms,-116.06590108124394,34.14783618515258,28738,1271,56000,238400,30,0.27235714285714285,Lower COL,Lower than state median
Shasta Lake,-122.37749800970062,40.67904010410608,10334,1264,61319,273000,29.7,0.24736215528628971,Lower COL,Lower than state median
Delhi,-120.77586464403383,37.43059048144004,10525,1262,66306,338800,43.7,0.22839562030585467,Lower COL,Lower than state median
Golden Hills,-118.49678934302057,35.140928045482966,10445,1248,94654,376300,23.3,0.15821835315992985,Lower COL,Lower than state median
Rosedale,-119.20575916699465,35.388645810004284,19325,1240,134697,594000,33.5,0.11047016637341589,Lower COL,Lower than state median
Madera,-120.0861627554752,36.96575111489041,67133,1237,63619,335900,34,0.2333265219509895,Lower COL,Lower than state median
Rosamond,-118.21547260965667,34.86575956460124,20835,1230,77773,330100,36.2,0.18978308667532434,Lower COL,Lower than state median
Placerville,-120.79782949885396,38.73080820646622,10730,1229,70602,450600,34.3,0.20888926659301435,Lower COL,Lower than state median
Newman,-121.02149189989876,37.3161442591764,12299,1227,75344,381900,31,0.19542365682735188,Lower COL,Lower than state median
Marysville,-121.58359294513467,39.15174015313964,12703,1223,58150,282700,31.3,0.2523817712811694,Lower COL,Lower than state median
Oildale,-119.03056714290709,35.42930057145086,34971,1220,49622,225000,35.6,0.29503043005118695,Lower COL,Lower than state median
Atwater,-120.59596119767856,37.35296284656519,32013,1219,63945,340600,31.6,0.2287590898428337,Lower COL,Lower than state median
East Niles,-118.92246790234124,35.368287451185395,28586,1219,51250,228100,41.9,0.2854243902439025,Lower COL,Lower than state median
Olivehurst,-121.55661966322128,39.079471112853405,19071,1218,80477,337300,26.6,0.1816171079935882,Lower COL,Lower than state median
Exeter,-119.14592103598494,36.29414289722641,10280,1207,71198,273500,26.9,0.20343268069327788,Lower COL,Lower than state median
Chowchilla,-120.23490780922005,37.109509814599754,18876,1204,63308,331500,33.8,0.2282176028306059,Lower COL,Lower than state median
Selma,-119.61385756631593,36.57174231520881,24586,1202,55839,288700,30.3,0.2583140815559018,Lower COL,Lower than state median
Reedley,-119.44699717140081,36.59904403685232,25446,1198,62923,311700,32.5,0.22846971695564422,Lower COL,Lower than state median
Hillcrest,-118.9578432964523,35.37898097752231,10203,1197,44954,250300,33.3,0.31952662721893493,Lower COL,Lower than state median
Hanford,-119.65461530642811,36.32773875654779,59389,1196,73544,323600,29.7,0.19514848254106384,Lower COL,Lower than state median
Kerman,-120.06249234102609,36.725025011834504,16492,1181,57556,331500,31.1,0.24622975884356108,Lower COL,Lower than state median
Ridgecrest,-117.66213083156568,35.630801261476705,28138,1178,88107,235800,25,0.16044128162348054,Lower COL,Lower than state median
Valley Center,-117.01576438920864,33.23300072237817,10303,1163,116620,809300,24.5,0.11967072543303035,Lower COL,Lower than state median
Clearlake,-122.63298127592348,38.95891634916101,16604,1162,41580,204500,40.9,0.33535353535353535,Lower COL,Lower than state median
Potomac Park,-118.96496596345379,35.36357091053362,10634,1162,45617,201200,35.8,0.3056755157068637,Lower COL,Lower than state median
Eureka,-124.15445516875619,40.797108439530106,26302,1157,60253,375800,34.5,0.23042836041358938,Lower COL,Lower than state median
Dinuba,-119.39881306144844,36.54511110733274,25201,1146,59048,267300,35,0.23289527164340873,Lower COL,Lower than state median
Shafter,-119.20130576296668,35.47941594261067,20618,1140,67989,306800,30,0.20120901910603187,Lower COL,Lower than state median
Sanger,-119.55749909057663,36.69897737307205,26515,1131,74428,346000,34.5,0.18235072822056217,Lower COL,Lower than state median
Fortuna,-124.14197884739322,40.586174324276776,12413,1126,61603,353200,35.3,0.21933996720938917,Lower COL,Lower than state median
Kingsburg,-119.56018237981375,36.524440178907795,12589,1117,82562,356900,28.6,0.16235071824810446,Lower COL,Lower than state median
Coachella,-116.14312199308475,33.69038338164469,42594,1115,67558,341300,31.6,0.1980520441694544,Lower COL,Lower than state median
Porterville,-119.03394612322073,36.06452971809699,62765,1111,59012,273600,34.8,0.22592015183352537,Lower COL,Lower than state median
Delano,-119.26356231436796,35.76617059663722,50835,1111,61817,270300,31.4,0.21566882896290662,Lower COL,Lower than state median
Winton,-120.61730870213128,37.38541954885453,11429,1099,58884,296800,30.2,0.2239657631954351,Lower COL,Lower than state median
Arvin,-118.83055725198803,35.19436911754681,19478,1089,49984,247800,34.9,0.261443661971831,Lower COL,Lower than state median
Linda,-121.54215368751464,39.12416162115924,23215,1083,69161,337700,30.5,0.18790937088821733,Lower COL,Lower than state median
Oroville,-121.56355018564894,39.49993970002152,19855,1074,51893,280600,34,0.2483571965390322,Lower COL,Lower than state median
Red Bluff,-122.24127116663732,40.17350653309783,14592,1068,50216,271100,32.6,0.2552174605703361,Lower COL,Lower than state median
McFarland,-119.23067372131626,35.667252222986676,14138,1067,51801,245500,34.9,0.24717669543059015,Lower COL,Lower than state median
Barstow,-117.04715662745046,34.86608858791133,25198,1065,51811,222600,31.9,0.24666576595703618,Lower COL,Lower than state median
Avenal,-120.11621271743577,36.03107574919581,13441,1060,52986,224800,31,0.2400634129770128,Lower COL,Lower than state median
Parlier,-119.54353520039017,36.60901124741558,14545,1059,50910,236100,32.5,0.24961697112551562,Lower COL,Lower than state median
Calexico,-115.49483564826943,32.684799539016744,38476,1049,50021,281700,35.6,0.2516543051918194,Lower COL,Lower than state median
Farmersville,-119.20867070944496,36.30474311184408,10336,1043,57832,237700,32,0.2164199751002905,Lower COL,Lower than state median
Coalinga,-120.3241801749654,36.1420499628944,17352,1021,78014,254600,21.8,0.15704873484246418,Lower COL,Lower than state median
California City,-117.87221867345117,35.157811994329606,14821,1016,55271,239600,39.4,0.22058584067594217,Lower COL,Lower than state median
Corcoran,-119.56128560265365,36.084047035433684,22626,1012,55909,220500,32.7,0.21721010928473056,Lower COL,Lower than state median
East Bakersfield,-118.97431553376981,35.38321926431758,10377,1005,36039,202400,35.7,0.3346374760675934,Lower COL,Lower than state median
El Centro,-115.55964027963107,32.786054342335774,44186,992,56093,291100,30.4,0.21221899345729411,Lower COL,Lower than state median
Wasco,-119.3671368646655,35.59378211302486,26222,991,55521,251900,35,0.2141892256983844,Lower COL,Lower than state median
Anderson,-122.29500000157101,40.44966671313804,11282,985,50306,272000,34.6,0.23496203236194488,Lower COL,Lower than state median
Lamont,-118.9159526998208,35.26593125961582,13481,982,34436,210700,37,0.34220002323150195,Lower COL,Lower than state median
Brawley,-115.52861686733951,32.97840928880673,26934,954,60370,270100,28.6,0.18963061123074376,Lower COL,Lower than state median
Lindsay,-119.09312936264321,36.20910157915639,12572,920,50563,268400,32.8,0.21834147499159465,Lower COL,Lower than state median
Susanville,-120.61316670843034,40.42063698426664,14992,905,57607,234000,24.7,0.18851875640113183,Lower COL,Lower than state median
Blythe,-114.61952070888974,33.621928894475616,17824,900,51984,203800,30.9,0.2077562326869806,Lower COL,Lower than state median
Mendota,-120.37756819206524,36.755482996077745,12554,874,46458,250400,29.6,0.22575229239312927,Lower COL,Lower than state median
